"Name","Team","WAR","playerid"
"Andrew Romine","Tigers","-0.1","1159"
"Pedro Beato","Phillies","0.0","1330"
"Andrew Bailey","Angels","0.1","1368"
"Mitch Moreland","Red Sox","0.0","3086"
"Miguel Montero","Cubs","0.0","3364"
"Erick Aybar","Padres","0.0","4082"
"Jon Jay","Cubs","0.0","5227"
"Hernan Perez","Brewers","0.0","5751"
"Michael Martinez","Indians","0.0","7358"
"Jason Gurka","Angels","0.0","8007"
"Huston Street","Angels","0.1","8258"
"Daniel Descalso","Diamondbacks","0.0","8392"
"Tyler Cloyd","Mariners","0.0","8536"
"David Goforth","Brewers","0.0","12166"
"Roenis Elias","Red Sox","0.0","12673"
"Jake Esch","Padres","0.0","12756"
"Luis Sardinas","Padres","0.0","13153"
"Damien Magnifico","Angels","0.0","13395"
"Pierce Johnson","Cubs","0.0","13435"
"Thyago Vieira","Mariners","0.0","14510"
"Jose Ruiz","Padres","0.0","14552"
"Tyler Olson","Indians","0.5","14741"
"Hunter Wood","Rays","0.0","15091"
"Jimmie Sherfy","Diamondbacks","0.3","15118"
"Tyler Danish","White Sox","0.1","15126"
"Dan Slania","Giants","0.0","15639"
"J.D. Davis","Astros","0.0","16219"
"Austin Maddox","Red Sox","0.3","14241"
"Ben Heller","Yankees","0.2","15100"
"Zach Putnam","White Sox","0.3","9080"
"Zac Curtis","- - -","0.0","16684"
"Jean Machi","Mariners","-0.1","3220"
"Akeel Morris","Braves","0.1","12185"
"Kenley Jansen","Dodgers","3.6","3096"
"Carson Smith","Red Sox","0.2","13172"
"Craig Kimbrel","Red Sox","3.3","6655"
"Andrew Miller","Indians","2.3","6785"
"Pat Neshek","- - -","2.5","4682"
"Matt Albers","Nationals","0.9","4300"
"Felipe Vazquez","Pirates","2.2","12076"
"Victor Arano","Phillies","0.3","15915"
"Archie Bradley","Diamondbacks","2.1","12918"
"Ryan Merritt","Indians","0.6","13688"
"Andrew Kittredge","Rays","0.0","12828"
"Corey Knebel","Brewers","2.7","15010"
"Chad Green","Yankees","2.4","15552"
"Ryan Madson","- - -","1.9","1852"
"David Robertson","- - -","1.9","8241"
"Taylor Williams","Brewers","0.0","14899"
"A.J. Schugel","Pirates","0.1","11432"
"Cory Gearrin","Giants","0.3","7947"
"Richard Bleier","Orioles","0.2","7803"
"Alan Busenitz","Twins","0.1","15239"
"Hoby Milner","Phillies","0.1","13346"
"Steve Cishek","- - -","0.7","6483"
"Brandon Morrow","Dodgers","1.7","9346"
"Josh Hader","Brewers","1.1","14212"
"Brad Hand","Padres","1.7","9111"
"Corey Kluber","Indians","7.3","2429"
"Garrett Richards","Angels","1.0","9784"
"Ken Giles","Astros","1.8","12910"
"Wade Davis","Cubs","1.1","7441"
"Clayton Kershaw","Dodgers","4.6","2036"
"Nate Jones","White Sox","0.2","4696"
"Anthony Swarzak","- - -","2.2","7466"
"Drew Steckenrider","Marlins","0.6","18806"
"Adam Warren","Yankees","1.2","9029"
"Lucas Giolito","White Sox","0.3","15474"
"John Brebbia","Cardinals","0.1","12777"
"Ryan Weber","Mariners","0.1","10160"
"Scott Alexander","Royals","1.1","10591"
"Raisel Iglesias","Reds","1.8","17130"
"Al Alburquerque","- - -","0.3","6324"
"Alex Claudio","Rangers","1.7","12890"
"Max Scherzer","Nationals","6.1","3137"
"Dan Winkler","Braves","0.3","12237"
"Stephen Strasburg","Nationals","5.7","10131"
"Chaz Roe","- - -","0.1","9866"
"Jake Diekman","Rangers","0.0","5003"
"Blake Parker","Angels","1.7","5224"
"Buddy Baumann","Padres","-0.2","9309"
"Mike Minor","Royals","2.2","10021"
"Sam Freeman","Braves","0.7","6832"
"Sam Tuivailala","Cardinals","0.2","13485"
"Dominic Leone","Blue Jays","1.5","13763"
"Tommy Kahnle","- - -","2.1","11384"
"Tommy Hunter","Rays","1.2","1157"
"Zach McAllister","Indians","0.5","2895"
"Juan Nicasio","- - -","1.5","7731"
"Deck McGuire","Reds","0.3","11596"
"Leonel Campos","Blue Jays","0.0","12277"
"Hunter Strickland","Giants","0.8","7836"
"Chris Rusin","Rockies","1.1","9895"
"Luis Garcia","Phillies","1.2","6984"
"Tony Zych","Mariners","0.3","12876"
"Shane Greene","Tigers","0.6","10756"
"Chris Devenski","Astros","1.4","12763"
"Tyler Mahle","Reds","0.3","16358"
"Carlos Ramirez","Blue Jays","0.1","11743"
"Reyes Moronta","Giants","0.0","14966"
"Chih-Wei Hu","Rays","-0.1","16419"
"Luis Santos","Blue Jays","-0.1","15006"
"Adam Liberatore","Dodgers","0.1","10637"
"Alex Wood","Dodgers","3.5","13781"
"Chase Anderson","Brewers","3.2","6895"
"Brian Duensing","Cubs","0.7","4064"
"Mychal Givens","Orioles","1.1","10430"
"Dario Alvarez","Rangers","0.1","14239"
"Yusmeiro Petit","Angels","2.2","4020"
"Noe Ramirez","- - -","0.1","12800"
"Keone Kela","Rangers","0.8","14696"
"Joe Kelly","Red Sox","0.7","9761"
"Nick Goody","Indians","0.7","13685"
"Sean Doolittle","- - -","1.8","1581"
"Arodys Vizcaino","Braves","0.7","5498"
"Tyler Lyons","Cardinals","1.0","11334"
"Pedro Strop","Cubs","1.0","4070"
"Addison Reed","- - -","0.9","10586"
"Josh Fields","Dodgers","0.3","5070"
"Kyle McGrath","Padres","0.1","16793"
"Dan Otero","Indians","0.5","7385"
"Dellin Betances","Yankees","1.3","6216"
"Robbie Ray","Diamondbacks","3.2","11486"
"Zach Britton","Orioles","0.6","3240"
"Ryan Buchter","- - -","0.2","9456"
"Chris Sale","Red Sox","7.7","10603"
"Dallas Keuchel","Astros","2.4","9434"
"Hector Velazquez","Red Sox","0.2","19341"
"Luis Avilan","Dodgers","0.7","2882"
"Jerry Blevins","Mets","0.9","7841"
"Cody Allen","Indians","1.5","12183"
"Pedro Baez","Dodgers","0.2","5420"
"Gio Gonzalez","Nationals","3.4","7448"
"Noah Syndergaard","Mets","1.4","11762"
"James Paxton","Mariners","4.6","11828"
"Will Harris","Astros","0.8","3192"
"Luis Severino","Yankees","5.8","15890"
"Carl Edwards Jr.","Cubs","0.9","13607"
"Brad Peacock","Astros","3.4","5401"
"Kyle Barraclough","Marlins","0.6","13713"
"Javy Guerra","Marlins","0.1","7407"
"A.J. Minter","Braves","0.6","18655"
"Hector Neris","Phillies","1.0","11804"
"Jared Hughes","Brewers","0.5","9325"
"Brandon Kintzler","- - -","1.0","9939"
"Kyle Hendricks","Cubs","2.4","12049"
"Kyle Crick","Giants","0.1","13182"
"Taylor Rogers","Twins","0.4","13449"
"Marcus Stroman","Blue Jays","3.3","13431"
"Mike Clevinger","Indians","2.2","12808"
"David Hernandez","- - -","1.1","4259"
"Luis Castillo","Reds","1.8","15689"
"Gregory Infante","White Sox","0.6","9119"
"Craig Stammen","Padres","0.1","7274"
"Daniel Mengden","Athletics","0.6","16980"
"Domingo German","Yankees","0.1","17149"
"Ryan Sherriff","Cardinals","0.1","12249"
"Brad Brach","Orioles","1.1","6627"
"Brandon Workman","Red Sox","0.0","11428"
"Jose Ramirez","Braves","-0.4","10171"
"Kevin McCarthy","Royals","0.2","15240"
"Nick Vincent","Mariners","1.8","7555"
"Zack Greinke","Diamondbacks","5.1","1943"
"Trevor Hildenberger","Twins","0.8","17002"
"Aroldis Chapman","Yankees","1.6","10233"
"Emilio Pagan","Mariners","0.8","14771"
"Paul Blackburn","Athletics","0.6","14739"
"Alex Colome","Rays","1.2","6661"
"Edward Paredes","Dodgers","0.2","4168"
"Edwin Diaz","Mariners","1.0","14710"
"Ervin Santana","Twins","2.9","3200"
"Carlos Carrasco","Indians","5.5","6632"
"Fernando Abad","Red Sox","0.4","4994"
"Drew Pomeranz","Red Sox","3.2","11426"
"Rich Hill","Dodgers","2.6","4806"
"Madison Bumgarner","Giants","1.7","5524"
"Joe Smith","- - -","1.8","3281"
"Justin Verlander","- - -","4.1","8700"
"Zack Godley","Diamondbacks","3.5","14862"
"David Price","Red Sox","1.6","3184"
"Roberto Osuna","Blue Jays","2.9","13764"
"Mike Montgomery","Cubs","1.2","4869"
"Brad Boxberger","Rays","0.3","10133"
"Tony Watson","- - -","0.1","3132"
"George Kontos","- - -","0.5","9486"
"David Phelps","- - -","0.6","6316"
"Trevor Rosenthal","Cardinals","1.6","10745"
"Andrew Cashner","Rangers","2.0","8782"
"Brock Stewart","Dodgers","0.0","16727"
"Justin Wilson","- - -","1.1","4301"
"Brent Suter","Brewers","1.5","13942"
"Jake Faria","Rays","1.3","13699"
"Lance Lynn","Cardinals","1.4","2520"
"Darren O'Day","Orioles","0.8","3321"
"Dan Jennings","- - -","-0.1","8073"
"Dillon Gee","- - -","0.3","7396"
"Aaron Wilkerson","Brewers","0.2","16904"
"Daniel Coulombe","Athletics","0.1","13293"
"Peter Moylan","Royals","0.3","4891"
"Taijuan Walker","Diamondbacks","2.5","11836"
"Jimmy Nelson","Brewers","4.8","10547"
"Edgar Santana","Pirates","0.0","17355"
"Andrew Chafin","Diamondbacks","0.7","12988"
"Andrew Albers","Mariners","0.5","7853"
"Bryan Shaw","Indians","1.6","8110"
"Miguel Castro","Orioles","-0.1","15684"
"Jake Arrieta","Cubs","2.4","4153"
"J.A. Happ","Blue Jays","2.8","7410"
"Jacob deGrom","Mets","4.3","10954"
"Aaron Nola","Phillies","4.2","16149"
"Jason Motte","Braves","-0.4","5861"
"Danny Barnes","Blue Jays","0.2","11388"
"Sonny Gray","- - -","2.8","12768"
"Collin McHugh","Astros","1.1","7531"
"Enny Romero","Nationals","0.4","4001"
"Sergio Romo","- - -","0.3","9817"
"Randall Delgado","Diamondbacks","1.2","5985"
"Ryan Tepera","Blue Jays","1.0","10291"
"Ashur Tolliver","Astros","0.0","10044"
"Austin Adams","Nationals","0.0","13801"
"Jack Leathersich","- - -","0.1","12562"
"Greg Holland","Rockies","1.1","7196"
"Jake McGee","Rockies","1.5","7550"
"Charlie Morton","Astros","3.2","4676"
"Heath Hembree","Red Sox","0.6","11632"
"Jose Alvarado","Rays","0.7","17780"
"Carlos Martinez","Cardinals","3.3","11682"
"Parker Bridwell","Angels","1.1","11502"
"Josh Edgin","Mets","0.0","10796"
"Alex Cobb","Rays","2.3","6562"
"Jon Gray","Rockies","3.2","14916"
"Chris Stratton","Giants","0.6","13761"
"Josh Lucas","Cardinals","-0.1","11686"
"CC Sabathia","Yankees","1.9","404"
"Joakim Soria","Royals","1.7","6941"
"Jhan Marinez","- - -","-0.1","5830"
"Donnie Hart","Orioles","0.1","15306"
"Seth Maness","Royals","-0.2","12235"
"Alex Meyer","Angels","1.0","12833"
"Chasen Bradford","Mets","0.2","12452"
"Aaron Loup","Blue Jays","0.6","10343"
"Ross Stripling","Dodgers","0.7","13273"
"Wandy Peralta","Reds","0.4","14295"
"Hyun-Jin Ryu","Dodgers","0.8","14444"
"Chasen Shreve","Yankees","0.2","10855"
"Matt Bush","Rangers","0.6","1246"
"Robby Scott","Red Sox","-0.4","13042"
"A.J. Cole","Nationals","0.1","11467"
"Max Fried","Braves","0.1","13743"
"Danny Duffy","Royals","3.5","3542"
"Wei-Yin Chen","Marlins","0.5","13071"
"Jose Urena","Marlins","0.2","11589"
"Daniel Stumpf","Tigers","0.1","13780"
"Michael Fulmer","Tigers","3.5","13218"
"Yu Darvish","- - -","3.7","13074"
"Carson Fulmer","White Sox","0.0","18311"
"Brian Flynn","Royals","0.0","12027"
"Kyle Martin","Red Sox","-0.1","14860"
"Keynan Middleton","Angels","0.2","15264"
"James Pazos","Mariners","0.3","13323"
"Matt Barnes","Red Sox","1.0","12863"
"Brett Cecil","Cardinals","1.1","2660"
"Luke Weaver","Cardinals","1.4","16918"
"Jordan Montgomery","Yankees","2.8","16511"
"Jose Alvarez","Angels","0.4","5358"
"Jake Thompson","Phillies","-0.2","14371"
"Jonathan Holder","Yankees","0.5","16588"
"Jose Berrios","Twins","2.9","14168"
"Jhoulys Chacin","Padres","2.4","2608"
"Zach Davies","Brewers","2.7","13183"
"Dovydas Neverauskas","Pirates","-0.1","11604"
"Mike Leake","- - -","3.1","10130"
"J.J. Hoover","Diamondbacks","0.0","9037"
"Blake Treinen","- - -","1.3","12572"
"Zach Duke","Cardinals","-0.2","3840"
"Jose Leclerc","Rangers","0.2","14524"
"Eddie Butler","Cubs","0.6","13453"
"Kirby Yates","- - -","0.4","9073"
"Koji Uehara","Cubs","0.6","9227"
"Brandon McCarthy","Dodgers","2.4","4662"
"AJ Ramos","- - -","0.4","8350"
"Matt Bowman","Cardinals","0.7","13528"
"Jacob Barnes","Brewers","0.6","12323"
"Odrisamer Despaigne","Marlins","0.7","16017"
"Marc Rzepczynski","Mariners","0.0","6612"
"Matt Belisle","Twins","0.6","1837"
"Patrick Corbin","Diamondbacks","3.0","9323"
"Blake Snell","Rays","1.8","13543"
"Jamie Callahan","Mets","0.2","14711"
"Trevor Williams","Pirates","2.3","16977"
"Chris Archer","Rays","4.5","6345"
"Johnny Barbato","Pirates","-0.2","11440"
"Chase Whitley","Rays","0.7","10982"
"Shelby Miller","Diamondbacks","0.5","10197"
"Seung Hwan Oh","Cardinals","0.1","18719"
"Kyle Freeland","Rockies","2.0","16256"
"Adam Morgan","Phillies","0.3","12580"
"Michael Wacha","Cardinals","3.2","14078"
"Ivan Nova","Pirates","2.0","1994"
"Jake Odorizzi","Rays","0.1","6397"
"Jose Quintana","- - -","3.9","11423"
"Brandon Finnegan","Reds","0.1","16208"
"Gabriel Ynoa","Orioles","0.4","12938"
"JC Ramirez","Angels","1.1","8302"
"Carlos Rodon","White Sox","0.6","16137"
"Jason Vargas","Royals","1.7","8044"
"Nathan Karns","Royals","0.4","12638"
"Troy Scribner","Angels","-0.3","15570"
"Trevor Bauer","Indians","3.2","12703"
"Phil Maton","Padres","-0.3","18064"
"Kendall Graveman","Athletics","1.1","15514"
"Edinson Volquez","Marlins","1.0","3990"
"Eduardo Rodriguez","Red Sox","2.2","13164"
"Cole Hamels","Rangers","1.6","4972"
"Danny Farquhar","- - -","0.4","8501"
"Jorge De La Rosa","Diamondbacks","0.0","2047"
"Bud Norris","Angels","0.7","9492"
"Carlos Torres","Brewers","-0.3","7624"
"Edubray Ramos","Phillies","1.2","16086"
"Jose Torres","Padres","0.0","14957"
"Logan Verrett","Orioles","-0.3","12905"
"Tony Cingrani","- - -","0.0","12555"
"Liam Hendriks","Athletics","1.0","3548"
"Kenta Maeda","Dodgers","2.0","18498"
"Chris Hatcher","- - -","0.2","3299"
"Fernando Rodney","Diamondbacks","1.4","494"
"Hector Rondon","Cubs","0.3","2391"
"Dan Altavilla","Mariners","0.0","16507"
"Dylan Bundy","Orioles","2.7","12917"
"Lance McCullers Jr.","Astros","3.0","14120"
"Kelvin Herrera","Royals","0.1","6033"
"Aaron Sanchez","Blue Jays","0.0","11490"
"Gerrit Cole","Pirates","3.1","13125"
"Dan Straily","Marlins","2.0","9460"
"R.A. Dickey","Braves","1.6","1245"
"Ben Lively","Phillies","0.7","14932"
"Gabriel Moya","Twins","-0.1","16348"
"Andrew Triggs","Athletics","0.6","13533"
"Santiago Casilla","Athletics","0.1","2873"
"Danny Salazar","Indians","2.2","5867"
"Henderson Alvarez","Phillies","-0.1","5669"
"Jakob Junis","Royals","0.9","13619"
"Sean Newcomb","Braves","1.3","16943"
"Matt Grace","Nationals","0.3","11449"
"Sandy Alcantara","Cardinals","-0.1","18684"
"Brian Johnson","Red Sox","0.2","14272"
"Jon Lester","Cubs","2.7","4930"
"Chad Kuhl","Pirates","1.9","14975"
"Hisashi Iwakuma","Mariners","-0.3","13048"
"Blaine Boyer","Red Sox","0.4","2237"
"Jimmy Yacabonis","Orioles","-0.1","15157"
"Sam Gaviglio","- - -","-0.2","12778"
"Felix Hernandez","Mariners","0.4","4772"
"Chris O'Grady","Marlins","0.2","13818"
"Sean Manaea","Athletics","2.2","15873"
"Jeurys Familia","Mets","0.3","5114"
"Shawn Armstrong","Indians","-0.1","12857"
"James Hoyt","Astros","0.5","14605"
"Simon Castro","Athletics","-0.2","9243"
"Daniel Hudson","Pirates","0.1","7146"
"Erasmo Ramirez","- - -","1.1","10314"
"German Marquez","Rockies","2.4","15038"
"Michael Pineda","Yankees","1.1","5372"
"Yacksel Rios","Phillies","-0.2","15007"
"Jaime Garcia","- - -","2.1","8137"
"Jeff Samardzija","Giants","3.8","3254"
"Rob Scahill","Brewers","-0.3","9286"
"Cam Bedrosian","Angels","0.7","13360"
"Matt Dermody","Blue Jays","-0.3","14844"
"Eduardo Paredes","Angels","0.1","16344"
"Tom Wilhelmsen","Diamondbacks","-0.2","9975"
"Jameson Taillon","Pirates","2.9","11674"
"Drew Storen","Reds","-0.2","6983"
"Michael Lorenzen","Reds","0.6","14843"
"Sal Romano","Reds","1.3","13690"
"Mike Dunn","Rockies","0.2","9948"
"Julio Teheran","Braves","1.1","6797"
"T.J. House","Blue Jays","0.0","9121"
"Matt Andriese","Rays","0.5","12022"
"Jorge Lopez","Brewers","0.0","14527"
"Jairo Labourt","Tigers","0.0","14996"
"Adalberto Mejia","Twins","1.1","13188"
"Wade LeBlanc","Pirates","0.1","5221"
"Mark Melancon","Giants","0.4","4264"
"Alex Wilson","Tigers","0.4","9239"
"Aaron Bummer","White Sox","-0.5","16258"
"Dan Runzler","Pirates","-0.2","4080"
"Matt Shoemaker","Angels","0.3","4776"
"Johnny Cueto","Giants","1.2","6893"
"Juan Minaya","White Sox","0.1","10341"
"Paul Sewald","Mets","0.6","13892"
"Tyler Skaggs","Angels","0.9","10190"
"Dinelson Lamet","Padres","1.4","17186"
"Luke Gregerson","Astros","-0.1","4090"
"Daniel Wright","Angels","0.3","15179"
"John Lackey","Cubs","0.5","1507"
"Miguel Gonzalez","- - -","1.3","7024"
"Luke Jackson","Braves","0.1","11752"
"Oliver Perez","Nationals","0.3","1514"
"Rick Porcello","Red Sox","2.1","2717"
"Joaquin Benoit","- - -","0.1","1437"
"Chris Volstad","White Sox","-0.1","9901"
"Oliver Drake","- - -","0.5","8823"
"Tanner Roark","Nationals","2.5","8753"
"John Gant","Cardinals","-0.2","13684"
"Steven Brault","Pirates","0.3","15291"
"Austin Bibens-Dirkx","Rangers","-0.2","9559"
"Luis Perdomo","Padres","1.7","14682"
"Kevin Gausman","Orioles","2.5","14107"
"Robert Stephenson","Reds","0.5","13594"
"Nick Wittgren","Marlins","0.4","15594"
"Antonio Senzatela","Rockies","1.4","15488"
"Jackson Stephens","Reds","-0.1","14420"
"Deolis Guerra","Angels","-0.1","8410"
"David Holmberg","White Sox","-0.8","7725"
"Jeremy Jeffress","- - -","-0.3","9490"
"Tyler Chatwood","Rockies","1.1","4338"
"Bobby Wahl","Athletics","0.1","14832"
"Rubby de la Rosa","Diamondbacks","0.0","3862"
"Kevin Shackelford","Reds","0.0","11012"
"Ryan Pressly","Twins","0.1","7005"
"Zac Rosscup","- - -","0.1","9419"
"Seth Lugo","Mets","1.7","12447"
"Jerad Eickhoff","Phillies","1.8","12664"
"Boone Logan","Indians","0.3","5525"
"Reynaldo Lopez","White Sox","0.6","16400"
"Jarlin Garcia","Marlins","0.3","18282"
"Masahiro Tanaka","Yankees","2.8","15764"
"Luis Cessa","Yankees","-0.1","13345"
"Dustin McGowan","Marlins","-0.3","8600"
"Diego Moreno","Rays","0.0","6238"
"Scott Feldman","Reds","0.7","6283"
"Tyler Clippard","- - -","0.2","5640"
"Joe Musgrove","Astros","1.0","12970"
"Ty Blach","Giants","1.2","14361"
"Brad Ziegler","Marlins","0.5","7293"
"Clayton Richard","Padres","2.4","3551"
"Mike Foltynewicz","Braves","1.8","10811"
"Kevin Siegrist","- - -","0.1","8180"
"Tyler Anderson","Rockies","1.1","12880"
"Brandon Woodruff","Brewers","0.6","16162"
"Martin Perez","Rangers","2.1","6902"
"Giovanny Gallegos","Yankees","0.2","14986"
"Jarred Cosart","Padres","0.3","10304"
"Doug Fister","Red Sox","1.4","9425"
"Warwick Saupold","Tigers","-0.4","13211"
"Josh Smith","Athletics","0.1","10946"
"Buddy Boshers","Twins","-0.2","8490"
"Luiz Gohara","Braves","1.0","15166"
"Ryan Garton","- - -","-0.1","14016"
"Alex Wimmers","Twins","-0.2","11394"
"Ricky Nolasco","Angels","0.8","3830"
"Hansel Robles","Mets","-0.4","11801"
"Trevor Cahill","- - -","0.3","6249"
"Scott Oberg","Rockies","0.8","13911"
"Tyler Duffey","Twins","0.7","13758"
"Grant Dayton","Dodgers","-0.2","11203"
"Matt Garza","Brewers","0.9","3340"
"Austin Brice","Reds","0.0","17237"
"Mark Leiter","Phillies","0.1","15551"
"Josh Tomlin","Indians","2.2","9388"
"Marco Estrada","Blue Jays","2.5","1118"
"Christian Bergman","Mariners","-0.2","10925"
"Jake Barrett","Diamondbacks","-0.4","13322"
"Joe Ross","Nationals","0.4","12972"
"Chad Bettis","Rockies","0.4","10587"
"Jason Hursh","Braves","0.0","14914"
"Justin Nicolino","Marlins","-0.3","11754"
"Derek Law","Giants","0.0","13133"
"Adam Ottavino","Rockies","-0.1","1247"
"Kyle Gibson","Twins","1.2","10123"
"Jacob Turner","Nationals","-0.5","10185"
"Cody Reed","Reds","-0.3","15232"
"Craig Breslow","- - -","0.0","4363"
"Adam Wainwright","Cardinals","1.5","2233"
"Yohander Mendez","Rangers","-0.1","14391"
"Josh Smoker","Mets","-0.2","10285"
"Albert Suarez","Giants","0.1","6175"
"Junior Guerra","Brewers","-0.7","5702"
"Ariel Miranda","Mariners","0.1","17526"
"Koda Glover","Nationals","0.6","17695"
"Vince Velasquez","Phillies","0.1","11189"
"Ernesto Frieri","Rangers","0.1","5178"
"Michael Tonkin","Twins","-0.2","10315"
"Ryan Dull","Athletics","0.0","13974"
"Dillon Peters","Marlins","0.2","18790"
"Nick Tepesch","- - -","-0.5","11716"
"Ariel Hernandez","Reds","-0.4","15603"
"Robert Gsellman","Mets","0.6","13696"
"Kevin McGowan","Mets","-0.1","15215"
"Ben Taylor","Red Sox","-0.1","18114"
"Edwin Jackson","- - -","-0.3","1841"
"Zack Wheeler","Mets","0.3","10310"
"Fernando Salas","- - -","0.3","4971"
"Mike Fiers","Astros","0.1","7754"
"James Shields","White Sox","-0.3","7059"
"Felix Pena","Cubs","-0.3","13403"
"Alec Asher","Orioles","0.2","13560"
"Matthew Boyd","Tigers","1.9","15440"
"Erik Goeddel","Mets","-0.3","11712"
"Jason Hammel","Royals","2.2","4538"
"Jesse Hahn","Athletics","1.3","13287"
"Daniel Norris","Tigers","1.2","13475"
"Austin Pruitt","Rays","0.6","15290"
"Tyler Pill","Mets","0.0","12751"
"Ian Krol","Braves","-0.2","10066"
"T.J. McFarland","Diamondbacks","0.2","3237"
"Andrew Moore","Mariners","0.0","17553"
"Joe Biagini","Blue Jays","1.4","13194"
"Jesse Chavez","Angels","0.3","5448"
"Ian Kennedy","Royals","-0.2","6986"
"Julio Urias","Dodgers","0.2","14765"
"Chad Qualls","Rockies","0.0","2170"
"Chris Smith","Blue Jays","0.0","14449"
"Jandel Gustave","Astros","0.0","14665"
"Matt Cain","Giants","0.3","4732"
"Jeremy Hellickson","- - -","0.1","4371"
"Blake Wood","- - -","0.7","1345"
"Matt Strahm","Royals","-0.2","13799"
"Neftali Feliz","- - -","-0.7","18"
"Tony Barnette","Rangers","0.5","3555"
"Tim Adleman","Reds","-0.4","10968"
"Rafael Montero","Mets","1.2","12760"
"Matt Moore","Giants","1.0","1890"
"Justin Grimm","Cubs","-0.4","11720"
"Luke Farrell","- - -","-0.1","15101"
"Jim Johnson","Braves","0.2","3656"
"Carlos Estevez","Rockies","0.3","14542"
"Jharel Cotton","Athletics","-0.1","13654"
"Wade Miley","Orioles","0.8","8779"
"Lucas Sims","Braves","0.2","13470"
"Zach Lee","Padres","0.0","11468"
"Michael Feliz","Astros","0.4","11903"
"Tyler Webb","- - -","-0.1","14974"
"Nick Gardewine","Rangers","-0.1","16513"
"Hector Santiago","Twins","-0.2","4026"
"Nick Martinez","Rangers","0.1","12730"
"Francisco Liriano","- - -","0.8","3201"
"Silvino Bracho","Diamondbacks","0.0","15051"
"Steven Okert","Giants","-0.1","13580"
"Michael Brady","Athletics","-0.2","8461"
"Joe Blanton","Nationals","-0.3","4849"
"Junichi Tazawa","Marlins","-0.2","4079"
"Jumbo Diaz","Rays","0.1","3397"
"Yovani Gallardo","Mariners","0.0","8173"
"Braden Shipley","Diamondbacks","-0.2","15158"
"Mike Wright","Orioles","0.0","12586"
"Drew VerHagen","Tigers","-0.5","13424"
"Bryan Mitchell","Yankees","0.2","11479"
"Tony Sipp","Astros","-0.2","8280"
"Francis Martes","Astros","0.3","17303"
"Ryne Stanek","Rays","-0.3","15947"
"Phil Hughes","Twins","0.1","7450"
"Sammy Solis","Nationals","0.0","11457"
"Jeff Hoffman","Rockies","1.1","17432"
"Michael Ynoa","White Sox","-0.3","14093"
"Mike Pelfrey","White Sox","-1.1","5203"
"A.J. Griffin","Rangers","0.0","11132"
"Blaine Hardy","Tigers","-0.2","6499"
"Anthony Banda","Diamondbacks","0.5","14706"
"Ronald Herrera","Yankees","-0.1","15688"
"Paolo Espino","- - -","-0.3","8246"
"Justin Haley","Twins","0.0","13572"
"Nick Pivetta","Phillies","1.0","15454"
"Jordan Zimmermann","Tigers","1.0","4505"
"Steven Matz","Mets","0.3","13361"
"Marco Gonzales","- - -","0.1","15467"
"Sam Dyson","- - -","-0.8","11710"
"Artie Lewicki","Tigers","0.0","16731"
"Daniel Gossett","Athletics","-0.1","16164"
"Adam Conley","Marlins","-0.1","14457"
"Rob Whalen","Mariners","-0.1","14165"
"Zach Eflin","Phillies","-0.3","13774"
"Derek Holland","White Sox","-1.0","4141"
"Ricardo Rodriguez","Rangers","-0.1","15458"
"Josh Osich","Giants","-0.4","11528"
"Jason Grilli","- - -","-0.6","521"
"Mike Bolsinger","Blue Jays","-0.4","11137"
"Jack Flaherty","Cardinals","0.0","17479"
"Joely Rodriguez","Phillies","-0.4","11487"
"Brett Anderson","- - -","0.8","8223"
"Casey Lawrence","- - -","-0.3","11121"
"Chase De Jong","Mariners","-0.2","15036"
"Chris Beck","White Sox","-1.2","13418"
"Anibal Sanchez","Tigers","0.4","3284"
"Homer Bailey","Reds","0.7","8362"
"John Axford","Athletics","-0.2","9059"
"Bryan Morris","Giants","0.1","10234"
"Aaron Slegers","Twins","0.0","15231"
"Josh Ravin","Dodgers","-0.2","2951"
"Adam Kolarek","Rays","-0.3","10843"
"Bartolo Colon","- - -","0.6","375"
"Asher Wojciechowski","Reds","0.2","10836"
"David Paulino","Astros","0.2","17418"
"Dylan Floro","Cubs","-0.1","13394"
"Brandon Maurer","- - -","0.7","4878"
"Carter Capps","Padres","0.0","12803"
"Mat Latos","Blue Jays","-0.3","3815"
"Dillon Overton","- - -","-0.2","15627"
"Tom Koehler","- - -","-0.5","6570"
"Matt Harvey","Mets","-0.9","11713"
"Shane Carle","Rockies","0.0","15258"
"Keury Mella","Reds","-0.1","15964"
"Chris Rowley","Blue Jays","-0.2","18820"
"Buck Farmer","Tigers","0.3","14814"
"Barrett Astin","Reds","-0.3","14812"
"Justin Marks","Rays","-0.1","10265"
"Tanner Scheppers","Rangers","0.0","10267"
"Jeff Ferrell","Tigers","-0.1","11506"
"Dietrich Enns","Twins","-0.1","13932"
"Chris Smith","Athletics","-0.9","4544"
"Travis Wood","- - -","-0.6","9884"
"Ubaldo Jimenez","Orioles","0.1","3374"
"Tim Mayza","Blue Jays","0.2","15042"
"Jonathan Broxton","Cardinals","-0.1","4759"
"Vance Worley","Marlins","0.1","6435"
"Chad Bell","Tigers","-0.3","10297"
"Robbie Ross Jr.","Red Sox","0.1","6819"
"Jake Petricka","White Sox","-0.1","10534"
"Frankie Montas","Athletics","-0.7","14309"
"Tyler Wilson","Orioles","-0.1","12691"
"Shae Simmons","Mariners","0.0","14200"
"Andrew Heaney","Angels","-0.7","15423"
"Lucas Harrell","Blue Jays","0.0","7541"
"Raul Alcantara","Athletics","-0.3","12790"
"Neil Ramirez","- - -","-0.1","7677"
"Mike Morin","- - -","0.0","13442"
"Chris Gimenez","Twins","0.0","7324"
"Rex Brothers","Braves","0.2","9794"
"Jeanmar Gomez","Phillies","-0.5","9033"
"Brian Ellington","Marlins","-0.6","17233"
"Shawn Kelley","Nationals","-1.2","7773"
"Miguel Diaz","Padres","-0.7","18815"
"Bronson Arroyo","Reds","-0.8","978"
"Max Povse","Mariners","0.0","16165"
"J.P. Howell","Blue Jays","-0.2","8245"
"Amir Garrett","Reds","-1.2","14375"
"Jayson Aquino","Orioles","0.0","13150"
"Jered Weaver","Padres","-1.0","4235"
"Zac Reininger","Tigers","-0.2","15285"
"Jeff Beliveau","Blue Jays","-0.2","8504"
"Jen-Ho Tseng","Cubs","0.0","15524"
"Chris Young","Royals","-0.3","3196"
"Tommy Layne","Yankees","0.0","7501"
"Cesar Valdez","- - -","-0.1","9013"
"Tommy Milone","- - -","-0.4","7608"
"Tyler Glasnow","Pirates","-0.6","14374"
"Walker Buehler","Dodgers","-0.1","19374"
"Dylan Covey","White Sox","-1.2","14825"
"Caleb Smith","Yankees","0.0","14875"
"Tyson Ross","Rangers","-0.2","7872"
"Jordan Lyles","- - -","-0.3","7593"
"Francisco Rodriguez","Tigers","-0.8","1642"
"Chris Tillman","Orioles","-1.0","5279"
"Josh Lindblom","Pirates","0.2","7882"
"Wily Peralta","Brewers","0.0","7738"
"Eric O'Flaherty","Braves","-0.2","5746"
"Kevin Quackenbush","Padres","-0.3","12360"
"Chris Flexen","Mets","-0.8","13896"
"Reymin Guduan","Astros","0.0","13058"
"Ricardo Pinto","Phillies","-0.5","16318"
"Kyle Ryan","Tigers","-0.2","11753"
"Zach Neal","Athletics","-0.2","11294"
"Stefan Crichton","Orioles","0.0","16058"
"Lisalverto Bonilla","Reds","-0.4","11266"
"Jeff Locke","Marlins","0.3","2929"
"Jake Buchanan","Reds","-0.1","10962"
"Steven Wright","Red Sox","-0.5","8185"
"Brad Goldberg","White Sox","-0.4","14776"
"Rob Zastryzny","Cubs","-0.1","15094"
"Michael Blazek","Brewers","-0.3","9654"
"John Curtiss","Twins","0.0","16128"
"Jesen Therrien","Phillies","-0.3","15853"
"Matt Wisler","Braves","-0.1","12804"
"Roberto Gomez","Giants","0.1","12963"
"Jose Valdez","- - -","-0.5","14470"
"Victor Alcantara","Tigers","-0.1","15028"
"Rookie Davis","Reds","-0.3","14962"
"Miguel Socolovich","Cardinals","-0.1","6697"
"Angel Sanchez","Pirates","-0.3","11776"
"Carlos Ruiz","Mariners","-0.1","2579"
"Josh Collmenter","Braves","-0.5","7312"
"Rob Brantly","White Sox","-0.1","10655"
"Mike Freeman","Mariners","0.0","11241"
"Seth Frankoff","Cubs","-0.1","11346"
"Jairo Diaz","Rockies","0.0","12774"
"Jason Wheeler","Twins","-0.1","13128"
"Kyle Lloyd","Padres","-0.1","15378"
"Jacob Rhame","Mets","-0.2","15267"
"Adam Wilk","- - -","-0.5","8421"
"Dayan Diaz","Astros","0.0","11543"
"Erick Fedde","Nationals","-0.3","17425"
"Evan Marshall","Mariners","-0.1","12297"
"Eric Skoglund","Royals","0.1","16155"
"Glen Perkins","Twins","-0.1","8041"
"Edward Mujica","Tigers","-0.3","3970"
"Dillon Maples","Cubs","0.1","14672"
"Jose De Leon","Rays","-0.2","15463"
"Drew Rucinski","Twins","-0.1","12499"
"Vidal Nuno","Orioles","-0.5","9674"
"Brooks Pounders","Angels","-0.2","10387"
"Alejandro Chacin","Reds","-0.1","13530"
"Felix Jorge","Twins","-0.3","14532"
"Jace Fry","White Sox","-0.1","16159"
"Kyle Crockett","Indians","0.0","15033"
"Tanner Scott","Orioles","0.0","17586"
"Sam Moll","Athletics","-0.1","14874"
"Bruce Rondon","Tigers","0.3","5766"
"Evan Scribner","Mariners","-0.2","7525"
"Tim Melville","- - -","-0.1","9149"
"Nik Turley","Twins","-0.3","5530"
"Mike Hauschild","Rangers","-0.3","14033"
"Mike Mayers","Cardinals","-0.1","15451"
"Kevin Plawecki","Mets","-0.2","13807"
"Xavier Cedeno","Rays","-0.9","36"
"Myles Jaye","Tigers","-0.3","11769"
"Arcenio Leon","Tigers","0.0","8846"
"Clay Buchholz","Phillies","0.1","3543"
"Joe Jimenez","Tigers","-0.2","15761"
"Jordan Jankowski","Astros","-0.2","13313"
"Casey Fien","- - -","-0.5","3926"
"Kyle Kendrick","Red Sox","0.1","6230"
"Preston Claiborne","Rangers","0.0","10500"
"Cody Martin","Mariners","0.0","12182"
"Miguel Almonte","Royals","0.0","14139"
"Onelki Garcia","Royals","-0.2","13674"
"Fabio Castillo","Dodgers","0.0","2826"
"Cory Mazzoni","Padres","-0.4","12537"
"Sean Gilmartin","Mets","-0.1","12781"
"Taylor Jungmann","Brewers","0.0","13119"
"Wei-Chung Wang","Brewers","0.0","14382"
"Anthony Bass","Rangers","0.0","7982"
"Richard Rodriguez","Orioles","-0.3","13549"
"Christian Bethancourt","Padres","-0.1","10028"
"Aaron Blair","Braves","-0.1","14934"
"Antonio Bastardo","Pirates","-0.5","8844"
"Hunter Cervenka","Marlins","-0.1","10510"
"Chris Heston","- - -","-0.3","10302"
"Wilmer Font","Dodgers","-0.2","5257"
"Scooter Gennett","Reds","-0.1","10339"
"Tyler White","Astros","-0.1","15564"
"Andres Machado","Royals","-0.2","14681"
"Drew Anderson","Phillies","0.0","15130"
"Jesus Sucre","Rays","0.0","5942"
"Nori Aoki","Astros","0.0","13075"
"Matt Koch","Diamondbacks","0.0","13420"
"Andres Blanco","Phillies","-0.1","1907"
"Leonys Martin","Cubs","-0.1","11846"
"Trevor Gott","Nationals","-0.1","15046"
"Randy Rosario","Twins","-0.1","14508"
"Brett Nicholas","Rangers","0.0","11192"
"Taylor Cole","Blue Jays","0.0","11964"
"Glenn Sparkman","Blue Jays","0.0","15200"
"William Cuevas","Tigers","0.0","13331"
"Jeremy Guthrie","Nationals","-0.1","2072"
