"Name","playerid","WAR1","WAR2","WAR3","WAR4","WAR5","WAR6","WAR7","WAR8","Cluster"
"Freddy Garcia","   1077","3.8","1","5.3","3.4","1.6","4.8","4","3.1","I"
"Brandon Lyon","   1312","1.1","-0.2","0.6","0.7","1.5","0.7","0.8","1.1","A"
"Mike Cuellar","1002853","0.4","0.8","6.1","5.1","3.3","6.6","4.8","2.8","I"
"Rich DeLucia","1003185","0.8","-0.3","0.1","0.4","0.3","-0.2","0.2","-0.1","A"
"Dan Petry","1010246","1.1","2.5","2.1","4.4","1.3","4.2","2.9","0.4","G"
"Mel Stottlemyre","1012579","1.8","4.5","3.6","2.5","2.9","3.7","3.1","4.4","I"
"Brian Anderson","     44","1.3","-0.3","0.4","0.4","1","1.7","2","0.3","A"
"Billy Wagner","    578","0.2","2.2","1.8","3.6","2","1.7","2.3","1.5","G"
"Chris Capuano","   1701","0.4","0.4","2.2","4","1.9","0.3","2","2.9","D"
"Chad Qualls","   2170","0.3","0.7","0.2","0.8","1.8","0.9","0","0","C"
"Tom Griffin","1005054","2.4","0.5","0","1","0.6","2.1","-0.4","0","C"
"Octavio Dotel","    555","0.6","0.8","3.3","2.8","1.7","1.6","0.3","0.7","F"
"Jason Schmidt","   1131","0.8","2.5","2.9","3","0.7","3","4.5","6.6","H"
"Steve Stone","1012573","0.5","1.3","3.1","1.4","2.4","0.9","1.7","2.2","D"
"Jerry Augustine","1000365","1.5","1.2","1.7","1","-0.5","0.3","-1","-0.4","B"
"Danny Cox","1002695","1","1.3","3.2","3.1","2.2","1","-0.2","0.4","F"
"Storm Davis","1003080","1.8","3.7","4.7","3","2.6","1.1","2.1","0.5","J"
"Andy McGaffigan","1008497","0.7","1.1","2.7","1.9","2","0.8","0.2","0.6","F"
"Vern Ruhle","1011297","0.6","1.8","1.8","0.5","1.3","0.4","2.2","1.2","B"
"Bobby Jones","   1039","0.6","2.3","2.7","1.9","1.8","1.8","1.3","1","F"
"Frank Pastore","1010048","1.5","3.4","1.9","2.4","1.2","0.2","0.9","-0.1","B"
"John Franco","    874","0.6","1","1.4","1.5","1.1","1.3","1.3","1.3","C"
"Turk Wendell","    975","-0.4","0.3","-0.2","0.7","0.7","0.4","-0.7","-0.3","A"
"Zack Britton","   3240","1.9","0.6","0.1","1","2.1","2.5","0.6","0.1","C"
"Matt Albers","   4300","0","0.1","0.6","0.1","0.1","-0.5","0.3","0.3","A"
"Doug Bair","1000439","-0.7","2","0.6","0.1","0.1","0.3","-0.2","0.3","A"
"Charlie Leibrandt","1007492","1","0.3","0.4","1.9","4.1","3.7","4.4","3.4","N"
"Orlando Pena","1010150","1.8","3.4","1.3","0.9","-0.4","0.8","0","0.5","B"
"Don Cardwell","1001941","2.3","4.3","1.4","1.5","2.2","0.1","1.1","1.3","B"
"Larry Christenson","1002215","0","2.9","2.4","2.7","4.6","1.3","1.2","1.7","L"
"Francisco Cordero","   1243","-0.4","1.2","2.1","2.7","1.4","1.3","2.4","0.7","D"
"Jerry Koosman","1007103","3.6","5.4","2.3","2.2","2.9","4.4","5.4","3.1","M"
"Curt Schilling","     73","0.7","0.9","4.2","4.5","0.8","2.8","4.7","8.2","H"
"Dustin Hermanson","    195","-0.9","2.3","3.1","4","1.4","0.5","0.1","1.7","F"
"Kent Mercker","    439","-0.2","0.7","0","1.1","1.6","1.5","-0.3","0.9","C"
"Daisuke Matsuzaka","   7775","2.9","2.7","0.3","2.1","0.2","-0.4","0.4","0.3","B"
"Scott Bankhead","1000510","1.8","0.9","3.6","3.5","0.1","0.5","0.1","0.2","F"
"Sergio Romo","   9817","0.5","1.1","1.2","2","1","1","-0.2","1.8","C"
"Jim Gott","1004898","1","2.8","1.5","2","2","0.7","-0.1","0.7","B"
"Al Hrabosky","1006116","1.1","1.9","2.5","0.8","-0.6","0.8","0.3","-0.7","B"
"Claude Osteen","1009878","-0.5","2.1","2.3","4.4","3.5","4.8","3.8","1.9","I"
"Tom Seaver","1011708","3.3","5.8","4.4","8.3","9.1","5.6","7.3","5.1","O"
"Jim Kern","1006868","0.5","3.6","2.4","2","4.7","-0.3","0.1","0","L"
"Jim Maloney","1008039","0.7","-0.6","1.5","6.4","4.9","6.5","4.9","4.5","K"
"Bob Shaw","1011819","1.7","2.2","3.3","1.7","0.5","4.3","2.3","0.7","E"
"Sidney Ponson","    161","1.2","1.4","3.2","1.3","1.7","4.4","3","1","E"
"Ron Villone","   1010","-0.6","-0.2","0.1","2.4","0.2","0.8","0.4","1.2","A"
"Jim Clancy","1002255","0.5","3","0.4","3.2","0.4","4.3","2.8","1.8","E"
"Ron Guidry","1005124","5.7","9.1","6.2","3.9","2.8","4","3.9","2.8","M"
"Mike Magnante","    929","0.5","0.5","0.4","0.2","0.1","0.3","1.1","0.3","A"
"Jamie Moyer","   1091","0.3","1.5","2.1","0.2","1","-0.2","3.2","1.9","D"
"Tony Watson","   3132","-0.3","0.6","0.6","1.3","1.3","-0.1","0.1","1.8","A"
"Ugueth Urbina","    216","0.9","0.8","2.2","2.2","1.2","1.3","1.3","0.1","F"
"Brad Ziegler","   7293","0.5","1.1","0.1","1","0.6","0.5","0","0.7","A"
"Craig Lefferts","1007476","0.1","1.4","0.3","0.8","-0.2","0.6","0.6","0.5","A"
"Koji Uehara","   9227","1.8","1.3","1.2","0.8","3.1","1.1","1.4","0.6","C"
"Al Fitzmorris","1004119","0","1.3","0","1.4","2.3","2.6","3.7","1.2","D"
"Whitey Ford","1004227","2.5","5.8","4.9","5.2","6.8","4.6","0.5","0.8","M"
"Danny Jackson","1006295","0.7","4.6","2.9","4.3","5.2","0.9","1.7","-0.5","L"
"Joe Niekro","1009582","2","-0.1","1.6","1.6","0.2","0.8","0.1","0.8","A"
"Miguel Batista","     46","0","0.7","2","-0.9","1.3","3.1","4.3","1.6","D"
"Terry Adams","    946","0.8","1","0.5","0.3","0.8","4.3","1.9","1.5","E"
"Gavin Floyd","   3886","-0.6","-0.1","2.3","4","4.2","3.1","1.9","0.6","G"
"Hank Aguirre","1000087","2.1","-0.2","5.2","2.6","1.8","2.4","0.4","0.5","F"
"Dennis Eckersley","1003660","2.8","4.6","4.6","3.9","4.4","2.9","3.2","3.1","M"
"John Hiller","1005817","1.6","1","0.5","0.9","0.2","2.8","3","1.6","D"
"Gaylord Perry","1010210","0.5","-0.3","3.6","2.3","7.3","5.6","5.5","5.9","K"
"Rick Wise","1014155","0","1.9","3.4","2","3.7","3.8","4.6","4.8","H"
"Mike Stanton","    849","0.8","0.1","0.3","0.3","-0.1","0.7","1.4","0.1","A"
"Charlie Morton","   4676","0","1.6","-0.3","2","0.4","1.4","1.3","0.7","C"
"Tom Gorzelanny","   6244","1","3.1","-0.7","0.7","1.8","0.7","0.1","0.5","B"
"Joakim Soria","   6941","2.1","1.3","1.6","1.9","0.9","1.5","0.4","0.2","B"
"Jim Bouton","1001241","1.6","3.6","2.4","0","0.9","-0.2","0","0.6","B"
"Kelly Downs","1003453","1.7","3.3","2.9","0.9","1","-0.4","0.6","0","B"
"Al Jackson","1006288","4","1.3","2","2.3","2.9","0.7","1.4","-0.6","F"
"Geoff Zahn","1014410","1.6","0.7","2","3.4","2.7","3.6","1.1","3.5","G"
"Jon Lieber","    287","1.7","1.2","1.4","3.2","2.6","4.5","4.4","4.4","H"
"Don Drysdale","1003516","6.2","3.5","6.5","5.8","6.9","3.4","4.1","4.3","M"
"Jim McGlothlin","1008532","0.3","3.1","1.7","2.1","1.4","1.6","0.4","-1.1","B"
"Bob Patterson","1010055","1.2","0.2","1.1","0.7","-0.3","0.3","0.1","0.7","A"
"Ed Whitson","1013911","0.5","1.2","3.2","0.7","1.1","-0.1","2.6","2","D"
"Darren O'Day","   3321","0.3","1.3","1.1","1.5","0.7","0.9","1.8","0.1","B"
"Mike Kekich","1006764","0.3","0.5","0","0.8","0.2","-0.5","-0.1","-0.3","A"
"Jason Isringhausen","   1158","1.5","2.1","0.1","0.9","1.8","2.5","0.9","1.7","E"
"Terry Leach","1007427","0.1","0.5","0.7","1","0.3","-0.1","1.5","0.9","A"
"John Smoltz","    115","-0.4","4","3.6","3.7","5","3.9","2.1","4.6","I"
"Chad Billingsley","   5842","0.7","2.2","3.9","2.7","4.1","2.6","3","0.2","L"
"J.R. Richard","1010913","1.8","0.5","2.3","3.3","5","6.4","8.9","3.8","K"
"Dick Tidrow","1013056","2.5","2.5","2.4","0.1","1.5","0.5","2.2","0.7","B"
"Mike Morgan","     67","-0.2","0.9","-0.1","2.5","3.1","0.5","2.5","2.1","D"
"Jeremy Affeldt","    583","0.9","2.5","1","0.3","-0.5","0.4","0.4","0.5","B"
"Jason Frasor","   1906","0.8","0.6","0.2","1","-0.1","1.4","0.9","0.1","A"
"Bill Gullickson","1005136","3.2","4.8","2.8","3.4","1.8","3","3.2","1.1","J"
"Steve Howe","1006107","1.7","0.7","2","2.2","0.2","0.5","1.2","-0.2","F"
"Catfish Hunter","1006199","0.3","1.8","5.2","1.4","1.3","3.1","3.2","4.5","H"
"Clay Kirby","1006960","0.6","-0.1","4.4","1.6","0.4","4.1","-0.4","-0.8","F"
"Dennys Reyes","    444","0.5","1.2","0.9","0","0.5","0.2","1.1","-0.2","A"
"Julian Tavarez","    541","-0.1","1.6","0.9","0","0.3","-0.3","1.5","2.2","A"
"Al Leiter","    883","0.5","0.3","0.9","2.5","3","3.4","1.3","4.8","H"
"Doyle Alexander","1000122","0.9","1.1","0.8","0.6","1.2","1.3","1.7","1.4","D"
"Larry McWilliams","1008700","0.7","1.1","0.5","0.9","2.6","4.3","2.9","0.1","E"
"Randy Moffitt","1009027","-0.1","0.7","0.2","-0.4","0.2","1.1","0.3","-0.6","A"
"Ron Taylor","1012885","-0.1","2.1","-0.2","0","0.2","0.9","0.5","0","A"
"Aaron Heilman","   1751","-0.5","2.1","1.7","0.9","-0.4","0.3","-0.1","-0.4","B"
"J.J. Putz","   1795","-0.2","-0.1","3.4","2.1","0.6","1.5","1.4","1.4","F"
"Grant Jackson","1006298","1.1","0.6","4.3","1.5","1.1","0.9","0.7","0.7","F"
"Troy Percival","     29","2.4","2.3","1.1","1.7","0.6","0.2","2.2","1.6","B"
"Chad Gaudin","   1783","0.2","0.3","0.1","1.8","0.7","1.9","-1","0.2","C"
"Mat Latos","   3815","0.3","4.3","4.1","2.7","5","1.8","1.6","0.2","L"
"Steve Cishek","   6483","1","0.8","1.5","2.3","0.1","1","0.7","0.9","C"
"Kent Tekulve","1012905","0.3","1.7","1.3","1.4","2.1","0","1.2","0.6","C"
"Armando Reynoso","     72","2","0.3","0.7","1.4","1","0.7","1.4","2.1","D"
"Juan Cruz","    273","0.9","0.1","0.7","0.5","-0.2","1.6","0.6","0.5","A"
"Mark Wohlers","    414","0.3","0.8","1","2.6","2.2","1.8","0.3","0.4","C"
"Ben Sheets","    710","1.3","3.8","3.8","8","3.7","4","2.5","4.7","I"
"Wade Davis","   7441","1","1.1","1.4","1","1.5","3.1","2","1.4","E"
"Lindy McDaniel","1008441","2.6","0.7","1.3","0.6","1.6","0.5","1.9","0.4","B"
"Pedro Ramos","1010681","4.5","3.2","0.6","2.4","2.4","0.8","0.4","-0.4","B"
"Mike Witt","1014174","1.6","3.8","0.7","5.9","4.7","6.7","4","4.4","K"
"Juan Acevedo","    458","-0.1","-0.2","1.3","-0.3","0.1","0.1","0.9","-0.2","A"
"Jamie Walker","    502","-0.2","-0.2","0.3","1","0.3","0.5","0.8","-1","A"
"Kenley Jansen","   3096","1.6","2.2","2.5","2.2","1.6","3.1","3.4","0.3","E"
"Roberto Hernandez","   3273","0.4","3.3","0.6","0.2","3","1.5","0","0.1","B"
"Woodie Fryman","1004381","3","0.3","2.9","3","2.4","3.1","2.7","1.7","G"
"Dave LaRoche","1007354","0","1","0.1","-0.3","-0.1","1.3","2.6","0.3","A"
"Erik Bedard","    126","2.4","3.4","4.6","5","1","2","2.1","1.4","J"
"Josh Fogg","    989","0.8","0.6","1.7","0.5","1.7","1.3","-0.6","-0.1","C"
"Chan Ho Park","   1267","1.1","2.1","3.7","1.2","3.9","4.3","1","-0.3","E"
"Kenny Rogers","   1277","0.8","1.3","-0.5","1.1","3.6","2.5","3","2.2","D"
"Gary Lavelle","1007389","0","0.1","3","0.9","1.3","0.9","0.7","1.3","F"
"Sparky Lyle","1007859","0.6","0.8","1.3","0.6","0.2","1.5","1.5","2","D"
"Andrew Miller","   6785","0.3","1.9","0.7","-0.4","-0.1","0.5","0.3","2.2","A"
"Shane Rawley","1010719","0.9","1.9","1.6","0.9","3.2","3.2","1.6","1.6","E"
"Kevin Appier","      3","3.2","4.7","4.8","6.8","4","5.3","6.3","5.2","O"
"Scot Shields","     35","0.2","2.4","2.1","2.2","1.6","0.8","0.6","-0.5","B"
"Luis Vizcaino","    714","-0.2","1.5","-0.5","0.4","0.3","0.6","0.3","0","A"
"Charlie Hough","1006050","0.3","-0.5","-0.3","-0.4","0.5","0","0","0.2","A"
"Ben McDonald","1008454","1.8","1.3","2","4.5","3","1","4.2","3","H"
"Steve Barber","1000530","1.7","3.5","2.3","5.4","1.1","2.9","2.6","0.6","L"
"Steve Crawford","1002749","0.3","-0.2","-0.2","1.6","0.4","-0.6","0.4","0.4","A"
"Ed Farmer","1003935","-0.2","-0.9","-0.2","-0.3","1.9","0.1","-0.3","0.4","A"
"Teddy Higuera","1005799","3","5.1","6.7","5.9","2.2","3","1.1","0.3","M"
"Jim Palmer","1009973","0.6","2","-0.1","3.7","6.2","4.6","4.4","4.6","N"
"Matt Belisle","   1837","0.4","0","2.4","0","2","1.2","1.8","1.3","D"
"Curt Simmons","1011980","2.5","3.9","2.4","5.1","3","2.7","0.6","0.5","L"
"Denny Neagle","    441","-0.1","0.4","1.8","4.2","3.4","5.2","3.1","0.3","G"
"Hideo Nomo","    666","5.2","4.4","3.4","1.4","2.1","2.1","3","2.9","J"
"Rick Reed","    750","0.6","0.4","1.1","3.6","3","1.5","2.6","3.3","G"
"Kirk Rueter","   1128","1.4","1","1","0.9","3","0.9","1.4","1.2","C"
"Brett Cecil","   2660","0.3","2.5","0.5","0.1","0.9","1.2","1.3","0.4","B"
"Fernando Salas","   4971","0","0.9","0.3","0.6","0.7","0.1","0.3","-0.1","A"
"Doc Medich","1008714","3.5","3.4","3.7","2.7","1.8","2.4","1.9","3.2","J"
"Bruce Sutter","1012743","1.9","5.2","2.3","4.8","1.9","1.1","0.2","0.5","L"
"Danny Darwin","1002996","1","2.5","1.7","1","3.2","3.7","1.3","3.2","E"
"Pat Jarvis","1006363","2","2.2","4.3","1.8","5.5","1.3","0.8","-0.4","L"
"George Stone","1012565","0.3","1.3","2.8","2.7","-0.2","1.7","0.2","0.5","F"
"Damaso Marte","    247","0.2","1.6","2.5","0.5","0.2","0.6","1","1.4","B"
"Jake Westbrook","    412","0.8","0.1","1","3","2.9","3.6","1.7","0.3","G"
"Jose Lima","    475","0.9","0.6","0.4","2.7","4.7","-0.1","-0.2","0","C"
"Ryan Dempster","    517","-0.3","0.7","3.4","2.2","1.4","0.7","1.8","0.9","F"
"Dave Burba","   1239","-0.2","0.5","0.1","0.6","1.2","2.3","1.1","1.8","D"
"Glenn Abbott","1000010","1.5","0.3","0.4","1.5","1.2","0.2","2.5","1.4","D"
"Mike Henneman","1005656","1.9","1.3","0.5","1.2","1.8","1.2","1.2","0","C"
"Alejandro Pena","1010140","-0.2","4.1","4.7","0.4","0.8","1.7","1.1","1.3","J"
"Paul Splittorff","1012346","3.7","3.9","4.1","1.4","2","0.9","3.7","2.9","J"
"Todd Jones","    436","-0.1","1.4","0.4","-0.4","1.8","0.3","0.8","1.4","A"
"Orlando Hernandez","    823","3.4","3.4","2.4","0.1","3.1","1.7","1.3","2.7","J"
"Joel Pineiro","   1094","2","2.5","3.5","1.8","1.8","0.4","0.4","0.6","F"
"Ken Brett","1001402","0","2","0.2","0.7","2.6","4","0.7","3.3","E"
"Matt Cain","   4732","0.7","3.8","4.1","3.7","3.3","4","4.5","3.2","I"
"Xavier Hernandez","1005715","-0.8","0.4","1.1","2.1","-0.1","0.9","0","-0.1","A"
"John Smiley","1012084","-0.1","3.5","2.2","1.9","3.4","5","0.8","2.6","E"
"John Tudor","1013215","1.8","0.2","3.5","1.8","2.5","6.4","2.1","0.9","G"
"Neftali Feliz","     18","1.1","2","1","0.6","-0.2","0.4","-0.1","-0.6","B"
"Matt Herges","    780","1.5","0.5","-0.2","1.6","0","0.3","0.4","0.5","A"
"Wade Miley","   8779","-0.1","3.9","1.6","1.2","2.7","1.7","0.6","1.4","E"
"Juan Agosto","1000084","0.9","0","0.7","-0.6","0.2","0","-0.4","0.6","A"
"Richard Dotson","1003424","1.5","1.3","2.4","2.9","2","0.8","2.1","2.4","D"
"Ramon Ortiz","     27","0.6","0.7","2.3","1.6","0.8","0.8","0.3","0.2","F"
"Gil Heredia","1005686","0.2","-0.2","1","1.3","2.4","0.3","1","4.2","D"
"Roger McDowell","1008475","0.9","1.4","0","0.8","0.4","0.8","0.1","0.1","A"
"A.J. Burnett","    512","0.6","0.9","1.4","4.8","2.9","5","2.9","2.3","G"
"Tommy Hunter","   1157","1.7","1","0.5","-0.4","0.7","0.7","0.3","0.6","A"
"Luke Gregerson","   4090","2.1","1.3","0.6","0.6","1.2","0.9","1.1","1.1","B"
"Ted Abernathy","1000020","0.5","0","1.2","-0.6","1.8","-0.7","0","0.3","A"
"Wade Blasingame","1001057","-0.3","0.7","0.6","0.1","0","-0.2","1.9","1.9","A"
"Ron Davis","1003075","1.3","1.1","1.6","0","2.1","0","0.7","-0.8","B"
"Jeff Parrett","1010019","0.1","-0.5","1.4","0.2","0.8","0.5","0.5","0.9","A"
"Sammy Stewart","1012528","-0.3","0.5","-0.1","1.5","1.5","0.3","-0.3","-0.5","A"
"Josh Tomlin","   9388","0.7","2.1","0.3","0.9","0.5","1","2.1","-1.4","B"
"Mike Myers","     68","1.1","-0.5","0","0","0.9","0.6","0.3","-0.3","A"
"Vicente Romo","1011177","0.4","1.7","0.8","0.4","0.3","-0.9","-0.9","0.5","A"
"Dave Schmidt","1011580","0.3","2.5","0.6","1.5","1.2","0.9","2.2","0.7","B"
"Mike Torrez","1013134","0.4","1.6","-0.4","2.2","1","2.4","2.4","3.3","D"
"Jaime Garcia","   8137","2.4","3.2","2.6","0.5","0.4","2.8","1.1","1.9","E"
"Bill Castro","1002077","0.9","0","-0.1","0.3","0.5","1.2","0.3","-0.1","A"
"Reggie Cleveland","1002347","3.5","3.5","4.3","1.5","1.6","2.6","2.7","1","J"
"Dick Drago","1003475","2.5","3.8","4.7","2.9","2.8","1.9","0.8","-0.6","L"
"Wayne Twitchell","1013244","2.7","3.5","0.4","1.1","1.2","1.7","-1.5","-1.1","B"
"Jason Grimsley","    602","0.6","0.2","0.5","1.4","-0.4","0.9","0.2","0.3","A"
"Edinson Volquez","   3990","-0.2","0.5","3.6","0.2","0.7","-0.3","1.4","0.7","F"
"Bob Miller","1008877","1.2","0.3","0.7","2.7","1.1","0.4","0.3","-1","C"
"Mel Rojas","1011153","-0.6","0.4","1.4","0.3","0.9","1.2","2","-0.2","A"
"Lary Sorensen","1012279","2.3","5","1.9","2.4","3","2","2.2","0.9","J"
"Diego Segui","1011725","1","2","1.7","1.6","0.8","0.6","0.3","1.3","B"
"Bob Shirley","1011911","1.6","1.9","2.3","-0.1","0.1","0.1","1","0.9","B"
"Graeme Lloyd","    783","0.6","0.6","0.1","0.7","-0.1","0.4","0.1","0.5","A"
"Al Downing","1003450","4.7","4.2","3","1.8","3.9","0.2","1.5","0.5","J"
"Rick Mahler","1007988","1.4","2.4","3.4","2.8","2.1","1","4.3","3.2","H"
"Jeff Suppan","    633","1.5","0.5","2.8","1.9","2.5","1.3","2.7","1.4","D"
"Matt Keough","1006858","0.3","3.2","1.6","2.2","1.6","-1.4","-0.9","-0.2","B"
"Jim Lonborg","1007724","2.5","2.8","5.7","0.2","1.8","0.7","1.9","2.3","J"
"Johnny Podres","1010406","3.6","2.3","4.5","1.8","-0.2","0.5","-0.2","-0.5","F"
"Jim Slaton","1012054","0.1","0","2.4","2.1","0.8","4.1","1.5","1.3","G"
"Antonio Osuna","    249","0.3","1.2","0.8","0.3","0.7","2","0.8","0.6","A"
"Andy Benes","   1144","0.9","2.9","3.6","4.7","3.5","4.2","3.3","2.4","I"
"Huston Street","   8258","1.7","2.3","1.4","1.1","1.5","0.8","0.4","1.1","B"
"Jim Roland","1011156","0.5","0","-0.2","0.5","0.6","0.3","-0.2","-0.7","A"
"Danny Graves","    326","0.4","0.8","0.8","1.2","1.3","0.3","-0.1","-0.9","A"
"Clay Carroll","1001997","-0.1","1.5","0.2","1","0.6","1.4","0.2","0.4","A"
"Andy Pettitte","    840","3.2","4.6","7.2","3.2","2.6","3.9","5.8","3.9","M"
"Burt Hooton","1006005","4.1","5.3","2.4","3.9","3.1","5.2","3.3","4.4","M"
"Chad Bradford","    904","0.6","0.3","2","0.6","0.1","1.5","1.1","0.4","A"
"Felix Heredia","   1304","0.4","0.7","0.3","0.4","-0.2","0","-0.1","-0.1","A"
"John Danks","   6329","0.6","5","2.7","4.5","2.9","0.3","0.2","0.6","L"
"Scott Linebrink","    564","0.7","1.4","1.8","1","-0.5","0.5","0.1","-0.1","B"
"Ramiro Mendoza","    836","1.1","1.7","2","1.9","0.5","1.7","1.3","-0.1","B"
"David Wells","    855","-0.9","1.8","3.8","2.5","0.4","3","2.3","3.7","H"
"Casey Janssen","   7355","1","0.9","0.2","0.3","1.2","1.1","1.2","0.1","A"
"Tom Hall","1005262","2.4","4.1","2.1","1.1","0.4","-0.2","-0.6","-0.5","B"
"Rick Reuschel","1010852","4.2","6.1","4.7","4.7","4.8","6.5","4.5","3.9","M"
"Jason Jennings","    434","0.9","2.1","2.2","1.5","1.4","4.2","0.4","0.1","E"
"Mike Jackson","    732","0","0.7","0.6","0.1","1.5","0.4","0.9","1.1","A"
"Doug Davis","   1244","0.5","3.6","0.6","0.7","4.4","3.7","2.8","2.2","E"
"Adam Wainwright","   2233","1.2","3.7","2.4","5.2","5","3.9","6.2","5","K"
"Vida Blue","1001094","-1.1","1.5","8.8","2.1","2.1","5.5","5.1","7.6","K"
"Dean Chance","1002130","3.5","4.8","7.6","3.2","2.9","6.9","7.7","1.3","M"
"Juan Guzman","1005162","3.4","5.5","4.3","1.8","1.8","4.6","-0.2","2.8","J"
"Carlos Silva","    973","0.7","0.1","2.6","2.1","-0.5","2.6","1.4","-0.1","F"
"Joe Nathan","   1122","-0.3","-0.1","1.2","3","2.6","3.1","2","1.9","G"
"Craig Kimbrel","   6655","2.8","3.1","2.2","2.5","1.3","1.2","3.2","1.3","J"
"Jesse Jefferson","1006380","-0.2","0","-0.7","-0.4","2.4","0.7","-0.5","0.9","A"
"Bob Ojeda","1009756","0.5","0.2","1.8","2.8","3.1","4.2","0.5","5.1","H"
"Jim Rooker","1011183","2.2","2.9","0.8","1.2","2.9","5.4","1.9","2.2","E"
"Jason Bere","    266","2.1","1.9","-0.1","0.4","0.1","1.7","3","0.8","B"
"Tim Worrell","   1139","0.6","1.9","-0.2","1","0.7","0.3","0.9","1","A"
"Guillermo Mota","   1467","0","0.2","-0.3","0.4","2.1","1.3","0.6","-0.3","C"
"Bob Forsch","1004233","1.3","3","0.4","2","1.8","2.8","3.5","1.4","E"
"Pascual Perez","1010185","0.9","1.3","4","2.6","0.2","1.9","2.9","3.9","H"
"Dan Spillner","1012342","1","1.5","-0.4","-0.5","1.3","1.4","1.4","1.6","A"
"Jordan Zimmermann","   4505","1.9","-0.3","3.1","3.3","3.8","5.4","3","1.4","G"
"Jonathan Broxton","   4759","1.4","1.9","2","2.6","1","1.1","-0.3","0.7","F"
"Yovani Gallardo","   8173","2.6","2.7","3.6","2.7","2","1.5","1.6","2.5","J"
"Craig Swan","1012754","0.1","0.1","1.5","1.7","3.8","4.4","0.5","1.7","G"
"Mike Norris","1009637","-0.4","-0.3","0.2","1","6","0.9","-0.2","0.8","C"
"Dave Stewart","1012519","0.3","0.4","1.7","0.5","-0.1","1.5","4.8","5.1","H"
"Derek Lowe","    199","0.4","2.4","2.2","2.4","1.6","4.6","2.4","2.2","E"
"Dan Miceli","   1463","0.1","-0.6","0.3","1.1","0.2","0.8","0.3","-0.1","A"
"Dontrelle Willis","   1703","3.4","3.1","6.5","3","0.9","-0.1","-0.2","0.8","J"
"Chris Young","   3196","0.5","3.4","2.2","4.3","1.5","0.1","1.1","-0.1","L"
"J.A. Happ","   7410","0.4","1.6","1","0.7","1.8","1","1.2","3.2","D"
"Dennis Lamp","1007284","0.2","2.9","3.3","1.4","2.3","3.4","1.7","0","E"
"Mike Marshall","1008144","0","0.9","0.8","0.3","1.8","1.6","4.4","0.4","D"
"Yusmeiro Petit","   4020","0.2","0.1","0.1","0.8","1.7","-0.1","-0.2","2","A"
"Jon Matlack","1008246","0.5","4.9","4.7","7.5","4.4","4.4","2.6","6.8","K"
"Mike Pelfrey","   5203","0.4","3.1","1.9","2.8","1.2","2.4","2.3","0.5","E"
"Kyle Kendrick","   6230","1.1","0","0.5","0.2","1.2","2","1","-0.8","A"
"Bob Bruce","1001573","1","0.1","1.6","2.7","4.9","3.4","0.7","0.2","G"
"Joe Hoerner","1005895","0.9","0.4","0.7","0.4","0.4","0.7","0","0.4","A"
"Mike McCormick","1008420","5.1","2.5","-1","-0.1","1.9","2","2","1.5","E"
"Rick Waits","1013494","1.3","1.4","1.5","2.8","1.7","3","1.9","0.4","E"
"Wilbur Wood","1014248","0.2","0.4","1.3","1.3","0.4","1.9","8.7","6.1","H"
"Paul Quantrill","    669","0.7","1.2","-0.1","2","0.3","1.9","1.6","0.2","C"
"Gil Meche","   1089","0.4","1.5","1.5","1.1","0.5","1.9","3.7","4.2","H"
"Francisco Liriano","   3201","3.6","1.4","0.7","5.6","0.6","1.5","3.1","1.6","G"
"Bob Gibson","1004662","1.1","3.9","6","4.4","5.8","5.1","6","4.3","K"
"Neal Heaton","1005568","0.4","2.4","1.3","2","0.9","2.3","-1","0.4","C"
"Bill Krueger","1007175","1.2","0.8","0.9","-0.1","0.8","0.8","2","1.9","D"
"Phil Regan","1010785","0.3","0.4","1.3","0.3","1","0.4","1.6","0.7","A"
"Jason Vargas","   8044","1.7","-0.6","0.5","3.4","2.7","1.5","1.7","2.3","D"
"Brett Anderson","   8223","3.7","2.5","1","0.9","0.3","1.1","1.5","0.8","B"
"John Candelaria","1001909","2.6","2.5","2.9","2.7","2.2","4","0.4","3.7","E"
"Bruce Chen","    769","-0.1","1.7","0.5","-0.2","0.6","1.6","-0.7","0","A"
"Matt Lindstrom","   4604","1.4","0.9","0","0.2","0.8","0.6","1","-0.2","A"
"Ken Forsch","1004234","4.1","0.8","2.6","1","0.7","0.5","1.5","2.4","F"
"Ted Lilly","    833","0.8","1.3","3.1","3","0.5","2.1","3.8","2.8","H"
"Carlos Villanueva","   4138","0.5","0.4","0.7","0.5","0.1","1.3","0.6","1.2","A"
"Cole Hamels","   4972","2.6","3.9","4.7","3.7","3.6","5.1","4.6","4.6","I"
"Andy Hassler","1005480","0.4","1.1","1.1","1.5","2.2","1.7","0.9","0.6","C"
"Dan Schatzeder","1011527","0.5","1.3","2.1","-0.5","0.2","1.1","1.3","0.8","B"
"Pete Schourek","1011608","0.5","1.3","0.9","0.7","4.2","1","-0.4","0.8","C"
"Rod Scurry","1011700","0.2","0.5","1","-0.6","1.1","0","0.6","-0.3","A"
"Livan Hernandez","   1116","1.9","0.4","2.9","4.5","2.3","2.7","4.4","4.4","H"
"Kevin Millwood","    106","1.3","3.4","5.5","4","0.9","4.6","4.7","2.9","I"
"Edwin Jackson","   1841","0.1","1.2","1.5","3.7","3.2","3.4","2.1","2.2","G"
"Wandy Rodriguez","   2586","0.4","1.1","3.1","2.9","4.2","3.5","1.5","2.8","G"
"Frank DiPino","1003320","2.2","0.8","-0.9","-0.2","0.8","0.8","0.5","-0.1","A"
"Kevin Gross","1005088","0.5","1.3","3.6","1.5","0.8","2.4","1.6","2.4","F"
"Don Gullett","1005134","0.9","2.6","1","2.5","4.2","2.4","1.3","2.4","E"
"Barry Latman","1007377","0.5","1.6","1.4","1.1","0.4","-0.2","1.5","-1.1","B"
"Joe Magrane","1007973","2.9","3","4.7","3.4","0.2","0.6","-1.1","-0.2","F"
"Fritz Peterson","1010227","3.5","2.8","3.6","6.8","4.4","4.1","2.9","1.3","M"
"Bryn Smith","1012104","0.6","1.7","2.1","5.1","2.1","2.5","3.2","3.2","G"
"Zack Greinke","   1943","1.8","2","2.1","4.2","8.6","4.9","3.2","4.8","N"
"Ubaldo Jimenez","   3374","0.9","4.2","5.3","5.9","3.3","0.9","3.5","0.4","L"
"Ricky Nolasco","   3830","1.2","4.3","4.2","2.2","3.2","2.3","3.5","1.3","J"
"Paul Maholm","   8678","0.6","1.4","1.8","3.2","3.7","1.8","2","1.7","G"
"Gabe White","    360","0.4","0.2","0.2","3","-0.8","1.3","0.4","-0.3","A"
"Dave Mlicki","    569","1.3","0.8","2.4","1.3","2.7","0.8","-1.3","0.6","C"
"David Cone","   1680","0.5","5.3","3.3","5","6.5","5.2","3.9","3.8","K"
"Nelson Briles","1001432","1","1.2","2.1","2.4","3.4","0.7","1.2","3.5","D"
"Mark Gubicza","1005115","2.7","2.2","3","3.8","6.2","6.3","1.6","2.1","N"
"Melido Perez","1010183","1.5","0.8","3.4","2","5.9","2.4","2.6","0.5","N"
"Luis Tiant","1013054","2","2.8","2.5","3.7","7.4","0.5","0.5","0.9","L"
"Brad Lidge","    563","1.5","3.7","2.5","1.1","0.8","2.2","-0.8","0.4","B"
"Bud Black","1001007","0.3","1.1","4.3","3.6","0.1","1.1","0.6","3.4","F"
"Steve Farr","1003953","1","0.6","0.9","0.8","1.5","0.8","1.6","1.4","D"
"Ron Perranoski","1010201","0.9","1.7","0","0.5","0.4","0.2","0.3","0.5","A"
"J.C. Romero","    754","0.6","0.3","1.6","-0.5","1","-0.5","0","0","A"
"Blue Moon Odom","1009726","1.3","-0.1","2.7","2.9","0.2","0.1","0.9","0.8","F"
"Marty Pattin","1010074","0.1","0.2","4.3","3.4","4.6","1.8","1","2.3","G"
"Walt Terrell","1012924","1.3","1.7","4.8","0.6","3.2","1.5","1.7","0","F"
"Bartolo Colon","    375","0.7","4.4","3.8","4.3","3.9","4.4","4.7","1.4","I"
"Joe Blanton","   4849","2.2","3.2","5.3","1.8","2.1","1.8","0.6","2.5","J"
"Ray Sadecki","1011360","1.4","1.8","0.7","1.2","3.7","1.2","-0.3","4","C"
"Lee Smith","1012175","0.9","2.7","2.4","2.1","2.7","1.8","2.9","1.6","E"
"Eric Gagne","    650","0.6","0","1.3","3.6","4.7","3.4","0.9","-0.9","G"
"Glendon Rusch","    707","1.5","1.5","4.7","3.2","1.6","2.1","2.8","2.3","J"
"Kyle Lohse","    739","0.3","1.2","2.8","1","1.6","1.5","3","2.8","D"
"Felix Hernandez","   4772","2.3","3.3","3.5","3.6","7","6.8","5.3","6.6","K"
"Oliver Perez","   1514","0.6","0.4","4.5","-0.8","0.1","2.7","1.6","-0.6","F"
"Bert Blyleven","1001098","3.6","7.5","5.9","10.8","8.5","6.2","6.7","4.9","O"
"Wally Bunker","1001652","2.6","1.7","1.2","0.5","1.3","2.3","0.4","-0.1","B"
"Orel Hershiser","1005741","4","5.4","3.6","5.6","4","5.6","2.5","2.3","M"
"Anibal Sanchez","   3284","1.9","0","0.3","0.7","4.2","3.7","3.5","5.8","H"
"Jeremy Hellickson","   4371","0.5","2","0.8","1.3","0.2","1","3.3","0.2","D"
"Chris Sale","  10603","1.1","4.8","4.9","5.1","5.6","5.4","7.5","6.2","O"
"Tim Burke","1001692","0.6","0.7","2.3","-0.3","0.8","0.6","0.4","-0.2","A"
"Rich Gossage","1004894","0.5","-0.8","0.7","4","2","4.2","2.4","1","G"
"Dave Smith","1012117","1.9","1.1","-0.6","0.2","0.3","1.3","0.2","2.8","A"
"Javier Vazquez","    801","0.5","2.2","5.2","6.1","4.6","6","2","3.5","I"
"C.J. Wilson","   3580","0.3","0","0.7","-0.5","1.8","4.3","5.2","2.6","D"
"Bill Lee","1007448","-0.2","0.5","1.1","0.3","5.2","3.7","3.5","-0.2","N"
"Bruce Ruffin","1011294","2.7","2.5","0.4","0.7","0.9","2.2","-0.3","1.7","B"
"Tom Glavine","     90","0","2","2","2.9","5.4","4.6","3.3","3.6","N"
"Mark Redman","    491","2.2","0.5","4","4.2","1.4","2.1","1.2","0.3","F"
"Dennis Martinez","1008161","2.3","3.8","4.3","-0.2","2.8","1.9","0.7","0.1","J"
"Scott Schoeneweis","     33","0.3","1.7","2","0.1","1","0.9","0.9","0.2","B"
"Larry Gura","1005150","-0.2","0.7","1.1","1.8","0","1.1","3.1","1.3","D"
"Antonio Alfonseca","    260","-0.8","0.9","0.7","0.5","0.6","0.3","0.4","0","A"
"Jim Mecir","    930","0","0","1.3","1.9","1.2","0.7","0.1","0.6","C"
"Kevin Correia","   1767","0","-0.4","1","1.1","0.4","3.1","0.1","0.3","C"
"Jim Brewer","1001406","0.3","-0.5","1.1","0.2","0.8","0.2","0.8","0.7","A"
"Erik Hanson","1005333","0.9","2.4","6.6","3.5","3.1","4.9","3.1","4.1","I"
"Larry Sherry","1011883","0.2","0.8","-0.2","-0.3","0.1","0.1","0","0.1","A"
"Eddie Guardado","    727","0.5","0.3","0.3","0.4","0","0.4","-0.5","1.4","A"
"Jhoulys Chacin","   2608","2.7","2.3","0.4","4.2","0.3","1.7","2.2","2.4","E"
"Burke Badenhop","   9736","0.1","0.9","0.3","0.8","0.2","0.2","0.7","0.3","A"
"Cecil Upshaw","1013292","0.2","0.8","0.8","0.8","-0.1","0.1","0.5","-0.4","A"
"Jason Grilli","    521","-0.2","0","0.6","1","0.4","0.5","1.3","1.5","A"
"Jason Hammel","   4538","0.3","0.3","-0.2","3.5","3.2","1.1","2.6","0.6","D"
"Randy Myers","1009427","1.5","1.7","1.6","2","1.3","0.3","1.6","0.5","B"
"John Lackey","   1507","1.9","1.8","3.1","5.3","5.3","5","1.4","3.2","N"
"Matt Thornton","   1918","0.2","-0.9","0.9","0.9","1.8","2.3","2.2","1.4","D"
"Homer Bailey","   8362","0.5","-0.4","1.1","1.6","1.3","2.4","3.9","1.7","D"
"Jimmy Key","1006885","-0.4","2.8","3.4","5.6","1.6","4.6","2.4","5.3","I"
"Dale Murray","1009383","1","1.6","1.1","-0.9","0.3","-0.5","2.6","0.9","B"
"Jason Marquis","    105","1.2","0.3","0","1.8","0.7","-0.5","1.4","1.7","A"
"Ryan Vogelsong","   1011","-0.4","0.2","0","0.1","1.7","1.9","-0.7","0.9","C"
"Jerry Blevins","   7841","0.6","0.1","0.1","0.3","0.8","0.6","0.9","-0.1","A"
"Andrew Cashner","   8782","-0.6","0.4","2.6","1.8","1.9","0.4","2.4","0.6","D"
"Tom Browning","1001566","3","3.2","1.5","0.6","1.8","2.7","1.5","0.8","E"
"Frank Viola","1013435","0.9","0.1","3.5","3.9","2.9","5.4","6.3","5","K"
"Greg Swindell","     76","0.9","1.4","6.3","3.3","2.7","5.9","4.6","2","I"
"Greg Maddux","    104","0.4","1.5","3.7","3.7","5.1","5.8","7","7.5","K"
"Rafael Soriano","   1100","0.4","1.6","1.1","0.6","1.7","1.9","0.2","1","C"
"Don Aase","1000003","2.2","1.6","1.8","1.9","0.7","0.6","0.8","1.5","B"
"Jim Bunning","1001653","6.9","6.3","4.6","2.7","5.6","7.3","6.8","6.8","O"
"Greg Cadaret","1001810","-0.3","1.2","1.2","0.8","1.6","-0.4","-0.2","-0.1","A"
"Mark Gardner","1004529","2.3","0.8","1.9","-0.1","0.4","0.4","1.4","1.4","B"
"Dave Bush","   4635","1.9","1.2","3.8","2.2","1.3","0.3","-0.4","0","F"
"Sonny Siebert","1011951","2.6","5.4","3.4","2.3","2.7","2.1","3.3","4.4","J"
"Jarrod Washburn","     40","0.6","1","0.3","2.5","4.2","1.6","1.7","2","D"
"Tim Redding","    573","0.2","0.7","2.7","0.2","-0.5","0.2","1.2","0.4","A"
"LaTroy Hawkins","    729","-0.1","1.6","1.4","1.1","-0.1","1.6","2.6","1.4","D"
"Brian Meadows","    998","1.7","0.3","0.7","-0.1","0.7","0.8","0.8","0.3","A"
"Clayton Kershaw","   2036","1.3","4.1","4.5","7.4","6.2","7.3","8","8.7","O"
"Mike Hampton","    430","-0.1","2.3","2.4","3.1","2.3","4.9","4.6","1.9","I"
"Trevor Cahill","   6249","0.4","2","2.1","2.4","0.7","0.6","0.1","-0.1","B"
"Tim Leary","1007438","0.5","0.5","2.5","0.1","4.7","2.3","3","0","D"
"Bob Veale","1013391","1","1.4","6.5","8","5.3","2","2.6","6","K"
"Scott Elarton","    426","0.7","3","1.7","-0.9","-0.4","0.2","0.8","-1.1","B"
"Armando Benitez","    865","-0.3","1.7","0.4","3.1","1.5","0.3","1","0.9","C"
"Steve Trachsel","    898","1.5","0.7","1.6","1.7","1.8","2.5","2.4","2","D"
"Rich Harden","   1772","1.4","4.1","3.6","0.7","4.5","1.9","-0.6","0.4","L"
"David Hernandez","   4259","-0.6","0.8","1.1","2","-0.3","-0.1","0.3","1","A"
"Ian Kennedy","   6986","-0.2","1.6","4.4","2.3","0.4","2.8","0.4","1.9","F"
"Don McMahon","1008629","-0.7","0.2","0.9","-0.5","0.8","0.1","0.1","0.3","A"
"Pat Zachry","1014407","3.6","1.2","1.4","0.2","0.9","0.6","0.7","0.3","B"
"Wayne Granger","1004945","0.2","0.8","0.4","0.1","0","-0.1","-0.6","-0.4","A"
"Joe Hesketh","1005747","0.8","3.3","0.7","1.2","-0.1","0.2","1.3","1.9","B"
"Matt Young","1014385","3.3","1.3","3.5","1.7","1.1","-0.1","3.7","1.4","J"
"Barry Zito","    944","2.1","4.8","4.5","4.4","3.1","3","2.2","1.6","M"
"Mike Timlin","   1187","1.5","0.7","0.2","0.2","1.3","1.4","0.6","1.8","C"
"Ryan Madson","   1852","1.3","0.8","0.9","0.4","1.2","1.2","1.2","1.8","D"
"Jim Beattie","1000731","1.4","0.7","1","1.7","4.2","4.5","4.1","0.6","N"
"Pedro Borbon","1001195","-0.2","0.7","1.2","0.6","0.8","1","1.3","0.2","A"
"Jeff Brantley","1001358","-0.1","1.4","-0.2","0.3","-0.6","1","0.2","1.2","A"
"Mark Eichhorn","1003712","0.4","4.9","0.8","0","0.5","2.1","1.9","1.6","E"
"Jack McDowell","1008473","1.4","2.9","5.2","4.8","5.2","4.9","3.5","3.5","I"
"Bill Monbouquette","1009048","4.6","4.1","5.2","5.4","3","2.8","0.7","2.1","M"
"Dave Stieb","1012532","1.6","4.3","2.9","4.8","5.1","5.6","4.5","0.8","I"
"Heath Bell","   2080","0.7","0.1","2.5","1.2","2.2","2.3","0.9","0.4","C"
"Rick Aguilera","1000086","2","1.6","1.6","3.6","1.3","1.5","0.8","1","F"
"Dick Ruthven","1011330","1.4","3.4","0.4","3.9","2.1","3.4","1.6","3.2","E"
"Rodrigo Lopez","    150","2.9","1.3","2.7","2","1.7","0.9","0.4","-0.2","F"
"Scott Downs","    773","1","0.4","1","0.5","1.1","1","0.8","1.1","A"
"Trevor Hoffman","   1035","0.4","1.6","0.1","2.9","2.3","3.1","2.2","2.6","E"
"Wilson Alvarez","   1193","-0.2","-0.6","2.7","2.8","1.5","4.2","3.8","1.3","G"
"Jim Acker","1000030","0.3","0.6","-0.1","1.5","0.2","-0.3","1.9","0.3","A"
"Gene Garber","1004493","1","-0.1","0.4","1.8","2.3","1.2","1.1","0.9","C"
"Bruce Hurst","1006222","0","0.4","2.6","1.8","3.3","4.2","3.5","3.8","H"
"Mark Leiter","1007501","1.3","1.5","0.3","0.7","2.5","0.6","1.8","0.3","C"
"Tippy Martinez","1008200","-0.4","0.4","0.3","0.5","2.2","1.6","0.6","1.8","C"
"Jason Christiansen","   1111","0.1","-0.2","0.4","1.7","0.5","0.9","0.1","-0.6","A"
"Javier Lopez","   1663","0.7","0.2","0.1","0.1","0.5","0.4","0.5","0.7","A"
"Scott Feldman","   6283","0.3","-0.4","0.6","2.9","1.2","0.2","2.3","2.2","D"
"Larry Dierker","1003288","1.8","2.4","2.1","1.9","7.3","3.6","3.3","3.3","N"
"Larry Jackson","1006304","6.1","4","4.1","6.6","5.9","2.9","2.3","3.9","M"
"Dave Righetti","1010958","3.5","2.9","5.4","2.6","2.7","3","1.2","1.4","J"
"Bob Stanley","1012409","1.7","2.3","4","2.5","0.3","2","2.3","1.1","F"
"Chad Durbin","   1442","0","1.4","-0.4","-0.2","1","-0.4","0.2","-0.2","A"
"Odalis Perez","    668","0.9","1.7","4.9","2.2","2.9","1.6","1.3","1.1","F"
"Dennis Leonard","1007531","2.4","3.8","7.9","4.7","2.5","3.5","3.7","0.3","M"
"Colby Lewis","   1259","-0.1","0.1","-0.3","4.9","2.1","2.2","1.2","2.6","G"
"Ray Burris","1001729","1.4","0.3","2.4","2.8","2.1","1.8","0.1","0.6","F"
"Roy Face","1003891","0.7","0.7","0.8","0","-0.3","0.3","0.2","0.4","A"
"Mike Moore","1009122","0.4","2.4","4.2","5.9","3.7","3.1","4.6","4.4","I"
"Mark Thurmond","1013052","1.6","1.5","1.6","0.4","0.3","-0.4","0.7","-0.3","B"
"Bob Walk","1013507","2","-0.3","0.8","1.3","0.2","1.1","3.2","1.5","D"
"Brett Tomko","   1056","1.5","3.6","1.4","0.5","-0.5","1.3","1","2.7","B"
"Jack Billingham","1000970","0.3","-0.2","3.7","4.1","2.5","3.7","3","0.5","G"
"Bill Campbell","1001874","0.6","2.2","0.7","1.7","1.7","1.8","0.2","0.2","C"
"Gary Peters","1010228","6.5","4.3","0.7","4.2","4.6","2.6","3.2","4.1","M"
"Joaquin Benoit","   1437","0.7","-0.1","1","1.5","1.2","1.8","-0.2","1.7","C"
"Jamie Easterly","1003639","0.4","0.4","-0.4","0.5","-0.5","0.3","1.1","0.3","A"
"Ramon Martinez","1008193","0.4","0.8","4.9","2.9","1.1","1.9","1.9","2.2","F"
"Dennis Rasmussen","1010703","1.7","1.2","1.8","1.1","2.4","0.8","0.3","1.7","C"
"Bob Welch","1013750","2.4","1","2.9","1.9","3.3","3.7","2.8","2.1","G"
"Bob Wickman","    413","0.7","0.9","1.6","0.8","0.6","1.1","1","0.8","A"
"Jim Abbott","1000012","2.5","2.8","5.5","4.4","2.3","1.3","3.5","0","J"
"Norm Charlton","1002160","0.6","1.4","2.4","1.9","1.5","0.8","1.5","1.2","F"
"Mark Clark","1002296","0.2","0.5","1.6","1.8","3.7","2.2","4.1","-0.1","D"
"Josh Beckett","    510","1.9","4","3.3","4.2","1","5.7","4.3","4.3","I"
"Arthur Rhodes","   1097","0.1","2","-0.4","0.5","0.2","1","1.9","1","A"
"Steve Kline","   1164","-0.6","0.8","0.6","1.1","1.2","0.7","-0.1","0.6","A"
"Ismael Valdez","   1283","3.8","4.4","3.9","2.2","2.2","0.4","2","2.4","J"
"J.P. Howell","   8245","0.2","0.7","0.4","1.5","0.7","-0.5","-0.4","0.9","A"
"Rick Camp","1001901","0.3","0","1.1","1.4","0.8","0.8","1.2","-0.3","A"
"Mark Langston","1007323","4.4","-0.7","4.1","6.4","4","4.8","4.6","3","I"
"Tim Stoddard","1012556","1.3","1.8","-0.5","0.5","-0.6","0","0.1","-0.4","A"
"Gene Nelson","1009501","-0.3","0.9","-0.4","0.6","0","1.4","1.8","0.5","A"
"Fred Gladding","1004751","0.5","0","0.5","0.9","0.5","0.7","0","0.4","A"
"Mark Hendrickson","   1574","0.8","1.7","2.2","1.6","2.1","1.6","1","0.3","C"
"Carlos Marmol","   2790","-0.4","1.7","1.4","0.8","2.7","0.6","0.1","-0.6","C"
"Darold Knowles","1007058","0.9","0.6","0.9","0.2","0.8","0.6","0","-0.2","A"
"Gregg Olson","1009791","2","1.8","2.2","1.6","1.5","0","-0.2","0.3","B"
"Joe Price","1010530","0.4","0.8","0.4","2","1.8","0.3","-0.1","0.3","C"
"Chris Short","1011931","0.4","0.7","1.1","3.4","5.6","6.5","3.3","3.4","N"
"Bobby Witt","1014170","0.8","1.7","2.4","2.5","5","0.9","1.3","3.2","G"
"Michael Gonzalez","   1794","1.6","0.9","1.3","0.1","0.8","0.2","0.6","-0.6","B"
"Jesse Crain","   4817","-0.1","0.9","0.5","0.2","0.7","0.8","0.8","1.9","A"
"Stan Belinda","1000792","0.6","-0.3","-0.3","1","0","1.2","1.2","0.3","A"
"Andy Hawkins","1005514","0.2","1.1","0.2","2","1.3","0.3","1.5","1.1","C"
"Mark Melancon","   4264","0.8","-0.2","2.5","1.9","1.4","1.8","0.4","0.3","F"
"Jim Corsi","1002644","0.3","0.3","0.2","0.3","0.5","1.2","0.6","-0.5","A"
"Dave McNally","1008655","1.2","1.4","2.3","3","0.7","4.5","4.7","4.9","H"
"Brad Penny","    535","1.2","4.6","1","3.1","3","3.5","3.6","4.4","H"
"Sterling Hitchcock","    824","0.4","0.8","2","2.7","0.7","1.5","3","0.4","D"
"David Weathers","    902","0.9","1","0.4","0.4","1.9","0.1","0.5","1.1","A"
"Marco Estrada","   1118","0.6","2.9","1.4","-0.3","1.9","2.8","2.5","0.3","E"
"Darryl Kile","   1163","0","0.8","2.4","0.8","1.7","3.7","4","3.2","H"
"Ken Holtzman","1005989","3","0.2","2.3","5.1","5.8","3.6","2.7","5","N"
"Rob Murphy","1009374","0.8","2.1","1.2","1.9","-0.6","0.3","0.5","-0.1","B"
"Rick Sutcliffe","1012734","2.7","-0.4","-0.3","3.5","3","6","2.4","1.5","G"
"Todd Stottlemyre","     75","-0.2","1.2","2.7","2.6","1.4","3","2","4.1","H"
"Mike Mussina","    837","1.7","5.3","2.8","3.4","5.1","5.3","5.4","5.1","K"
"Alan Embree","   1030","-0.6","0.9","0","0.5","0.6","-0.3","1.6","0.8","A"
"Rod Beck","   1730","0.4","2.7","1.4","-0.3","0","0.4","1.1","1.1","B"
"David Robertson","   8241","0.2","0.7","0.8","2.3","1.5","1.3","1.4","1.7","D"
"Steve Mingori","1008978","0.8","-0.1","-0.1","0.7","0.4","0.8","0.3","0.3","A"
"Elmer Dessens","    317","0.1","3","2.2","1.6","2.2","0.8","0.5","0.6","B"
"Shawn Estes","    873","1.3","3.6","1.8","2.4","3","2.1","1.5","0.6","E"
"Tim Lincecum","   5705","3","7.2","7.5","4.3","3.5","0.9","1.4","0","M"
"Tony Sipp","   8280","0.3","-0.6","0.2","0","-0.3","0.8","0.9","-0.8","A"
"Joe Gibbon","1004658","1.3","4.2","0.5","2.5","1.7","1.3","1.5","1.1","E"
"Curt Young","1014368","1.1","-1.2","2.8","1.5","0","0.4","-0.2","-0.7","A"
"Charles Nagy","    397","0","3.2","7","0.6","3.5","3.2","5.4","2.9","I"
"John Thomson","    453","3.3","2.6","0.2","1.4","2.3","3.9","3.2","2","E"
"Danny Frisella","1004365","0.6","0.4","0.6","1.3","0","-0.2","-0.2","-0.2","A"
"Doug Henry","1005668","0.8","0.6","-0.2","-0.7","0.5","0.1","0.5","-0.4","A"
"Randy Jones","1006582","1.7","2.5","4.3","4.6","1.5","4.1","3.6","1.2","I"
"Jake Arrieta","   4153","0.8","-0.1","1.6","0.2","5.3","7","3.4","2.5","N"
"Tom Candiotti","1001911","0.6","0.2","4.3","1.3","4.5","4.4","2.3","5.8","H"
"Dick Ellsworth","1003754","2.3","2.2","2.2","6.6","1.7","3","4","1.1","G"
"Mike Remlinger","    111","-0.2","-0.4","2.2","1.1","1","1","1.5","1.5","D"
"Jesse Orosco","    667","-0.3","1.3","2.2","1","0.9","0.4","1.6","-0.4","B"
"Francisco Rodriguez","   1642","0.6","3.7","1.5","2.4","1.9","1.5","0.7","1.5","E"
"Dock Ellis","1003747","0.7","4.2","3.4","3.7","3.9","4.4","3","1.9","I"
"Alex Fernandez","1003993","1.4","2.7","1.8","4.1","2.4","4.5","4.7","3.3","I"
"Mike Flanagan","1004133","0.6","4.4","4.5","6","2.9","1.5","2.7","1.8","L"
"Rick Honeycutt","1005992","1.5","2.2","2.5","1.5","0.9","2.8","1.9","1.5","E"
"Mitch Williams","1014025","-0.5","0.6","0.1","-0.5","0","0","-0.7","0.3","A"
"Tim Belcher","1000789","0.8","4.1","3.3","1.5","4.1","3.1","3","1.2","J"
"Steve Carlton","1001964","0.9","4.4","4","4.9","3.6","3.1","11.1","4.5","K"
"Jim Kaat","1006660","-0.3","3.8","5.4","1.9","4.7","4.3","6.4","6.4","K"
"Eric Plunk","1010400","-0.5","1.1","0.8","0","0.2","-0.1","0.3","1.5","A"
"Bill Singer","1012007","4.7","4.2","6.1","2","2","2.3","6.2","2.6","M"
"Ray Washburn","1013652","1.9","1.5","0.3","1.3","2.3","2.3","3.7","1.7","D"
"Shawn Chacon","    424","1.3","-0.4","2.2","-1.1","1.5","-1.1","0.5","-0.1","A"
"Braden Looper","    526","0.5","0.1","0.1","0.5","1.2","1.7","-0.6","1.1","A"
"Juan Nicasio","   7731","1.3","0.9","2.1","-0.3","0.8","1.4","1.5","0.8","B"
"Joaquin Andujar","1000266","0.9","1.2","0.6","1.3","1.1","0.6","5.5","1.6","D"
"Andy Messersmith","1008799","1.3","5","2.3","3.5","3.5","3.2","5.6","5.9","K"
"Dwight Gooden","1004852","8.3","8.9","4.8","4.5","6","1.8","6.8","4","M"
"Matt Clement","    271","2.1","1.6","1.8","4.7","2.9","3","2.6","0.2","G"
"Kyle Farnsworth","    278","-0.4","-0.3","2","-0.4","1.2","0.3","1.5","1.1","A"
"Ricardo Rincon","    401","1.1","0.7","0","1","1.4","0.3","0.9","-0.5","A"
"Doug Brocail","    551","1","-0.2","-0.2","0.4","1.7","1.8","0.8","0.8","C"
"Randy Wolf","    976","0.8","2.9","3.4","3.9","2.5","1.7","0.7","-0.1","L"
"Derek Holland","   4141","0.6","0.9","3.2","1.5","4.5","1.3","-0.1","1.1","C"
"Gio Gonzalez","   7448","-0.7","1.1","3.2","3.3","5","3.2","3.2","3.6","N"
"Stu Miller","1008935","0.6","2.2","0.7","1.6","1.1","2.3","1.2","0.3","C"
"Mark Davis","1003067","-0.3","0.5","0.4","1.5","1.6","0.8","2.8","2.2","D"
"Joe Horlen","1006025","1.4","0.7","4.5","4","3.1","3.5","1.6","3.5","G"
"Paul Byrd","    594","-0.3","-0.1","0.8","0.5","-0.1","1.4","3.1","1.7","D"
"Mike DeJean","    682","0.7","0.7","-0.7","-0.1","0.8","0.4","-0.4","0.7","A"
"Jon Lester","   4930","1","0.2","4.2","5.4","5","2.6","2.4","3.3","G"
"Stan Bahnsen","1000414","4.4","1","2.3","2.2","3.2","3.3","1.1","1.7","E"
"Denny Lemaster","1007512","0.8","1.4","1.9","1.8","2","2.3","2.7","3.8","H"
"Steve Trout","1013197","2.1","3.2","1.8","1.5","2.4","3.4","1.3","2","E"
"Danys Baez","    367","0.7","2.2","0.8","0.5","0.4","0.9","-0.9","0.1","B"
"Mike Williams","   1014","0.2","0.1","0.5","0.4","1.6","0.3","0.4","0","A"
"Max Scherzer","   3137","1.1","2.7","4","2.3","4.5","5.9","5.6","6.4","K"
"Doug Bird","1000976","1.1","1.5","1.6","2.8","1.4","0.8","0","0.4","C"
"Keith Foulke","    231","0","0.4","2.9","2.5","2.6","1.3","1.8","1.6","D"
"Mariano Rivera","    844","0.3","4.3","2","1.2","2.1","1.9","3.2","1.4","E"
"Jonathan Papelbon","   5975","0.3","3.1","2.1","2.8","1.9","1","3","1.4","D"
"Mudcat Grant","1004952","-0.7","1.6","0","1.6","1.7","3","3.6","1.1","D"
"Cecilio Guante","1005113","0.9","0.1","1.5","-0.2","0.1","0.1","0.2","-0.8","A"
"Rick Langford","1007319","3.5","2.1","3.1","3.4","2.5","1.7","0","-0.4","L"
"Vern Law","1007410","4.2","0","1.3","0.1","2.3","3.4","2.3","1.4","E"
"Fred Norman","1009632","-0.9","-0.5","1.1","2.2","1.6","3.2","0.6","2.7","D"
"Bill Swift","1012788","1.9","1.5","1.8","1.5","2.6","1.6","2.7","4.5","H"
"Mark Buehrle","    225","0.6","4","4.3","4.3","4.5","5.9","1.7","3.3","I"
"Jose Rijo","    349","0.6","1.3","1.7","0.8","3.8","2.1","4.5","6.1","H"
"Scott Sullivan","    357","0.8","0","0.7","0.9","1","-0.2","0.5","0.1","A"
"Jeremy Bonderman","   1667","1.3","2.4","3.2","5.6","2.8","0.3","0.9","-0.2","L"
"Joe Smith","   3281","0.2","0.3","0.2","-0.2","1.3","0.8","0.5","0.9","A"
"Jim Bibby","1000945","0.3","1.9","1.9","2.6","2.5","3.8","1","2.5","E"
"Lew Krausse","1007146","0.4","2.7","0.4","1","-0.3","1.4","0.4","-0.4","B"
"Mike Maddux","1007951","0.7","0.7","0.4","1.4","1.5","1.1","-0.1","2.1","C"
"Juan Berenguer","1000865","0.6","-0.3","1.5","2.2","0.9","0.8","2.3","0.8","D"
"Scott Garrelts","1004546","-0.1","-0.8","2.1","1.5","1.8","1.3","3.8","1.1","D"
"Dick Hall","1005241","1.9","2.7","2.2","1.1","0.7","1.6","0.3","0.9","B"
"Johan Santana","    755","0","0","3.4","3.7","6.8","7.1","6.7","4","K"
"Trever Miller","   1672","0.1","-0.4","0","0.9","-0.3","0.6","0.1","0.6","A"
"Johnny Cueto","   6893","1","1.4","2.5","3","4.3","0.7","4.5","4.1","H"
"Jim Deshaies","1003228","1.4","0.8","1","2.7","0.8","0.1","1.1","1","C"
"Ross Grimsley","1005071","1","1.4","1.6","4.2","0.9","1.1","0.7","2.7","F"
"Adam Eaton","   1029","1.6","1","0.1","2.5","2.4","1.7","0.4","-0.1","C"
"Steve Blass","1001058","0.6","1.8","0.4","2.6","1.6","3","3.6","2.2","D"
"Jerry Johnson","1006464","0.3","0.3","0.1","0.3","0.3","-0.2","0.2","-0.3","A"
"Tommie Sisk","1012018","0.7","-0.2","1","0.6","2.3","0.4","0.4","-0.2","C"
"Tom Gordon","    282","2.4","2.5","1.6","1","2.5","2.2","3.5","2.8","E"
"R.A. Dickey","   1245","1.3","0.6","-0.1","-0.4","2.8","2.6","4.6","1.9","D"
"Joel Peralta","   2332","0","0.6","0.8","-0.8","0.7","1","0.9","0.4","A"
"Rudy Seanez","   1279","-0.3","0.9","1","0.2","0","0.9","1.5","-0.2","A"
"Fergie Jenkins","1006388","1.8","4.5","6.3","8.2","9.5","9.6","4.8","4.2","O"
"Don Sutton","1012745","4.7","3","4","3.9","1.9","7.1","6.8","6","K"
"Cory Lidle","    926","0.7","1","2.6","3.7","2.3","2.7","3.6","1.2","G"
"Jose Mesa","    961","-0.1","0.5","0.8","0.9","2.9","1.7","2.1","1.4","D"
"Matt Garza","   3340","0.6","1.1","3.3","2.8","2.1","4.7","0.9","2.1","G"
"Bobby Bolin","1001146","-0.4","0.6","1.4","1.4","1.6","1.9","-0.6","2.6","C"
"Steve Hamilton","1005277","1.7","1.1","0.8","1.3","0.7","0","1.1","-0.1","B"
"Atlee Hammaker","1005281","0.3","2.6","4.6","0.7","2.2","1.4","0.8","0.4","F"
"Don Robinson","1011061","3.4","2.5","2.1","-0.5","1","0","2","0.8","B"
"CC Sabathia","    404","2.7","3.6","3.5","2.8","3.6","5","6.4","7.4","K"
"Joe Sambito","1011392","0.3","1.2","1.8","1.4","2.2","0.2","-0.2","0.3","C"
"Eddie Watt","1013684","2","1.3","1.2","0.8","0.1","0.8","-0.1","-0.1","B"
"Fernando Rodney","    494","0.4","0.5","0.6","0.3","0.3","0.2","-0.4","2.2","A"
"Hipolito Pichardo","   1472","1.5","2.3","0.6","0.6","0.9","-0.2","1.3","1.2","B"
"Jose Valverde","   1726","1.1","1.6","0.9","1.4","1.1","0.8","0.6","0.9","B"
"Gary Lucas","1007805","2.1","1.1","1.4","0.2","0.4","-0.1","1.5","0.3","B"
"Ron Darling","1002989","0.6","1","2.2","3.5","2","2.6","2.7","0.2","G"
"Jeff Montgomery","1009071","-0.1","2.7","1.6","1.6","1.4","2.6","1","0.8","E"
"Dan Wheeler","    120","0.2","0.2","0.3","1.1","1.7","0.8","0.3","0.1","C"
"Chris Haney","    192","0.6","0.2","1","1","3.9","-0.4","0.5","0","C"
"Terry Mulholland","    665","0.2","0.6","1.4","2.4","4.6","3.8","2.9","0.5","G"
"Dan Haren","   1757","0.7","0.5","3.7","3.8","4.7","6.1","5.3","3.6","K"
"Marc Rzepczynski","   6612","0.9","0.4","0.7","-0.6","0.2","0.6","0.3","0.5","A"
"Larry Andersen","1000236","1.1","-0.7","0.8","0.4","0.8","1.3","1.4","2.3","D"
"Tony Cloninger","1002359","-0.4","1.1","0.1","2.7","3.8","1.5","-0.2","0.4","C"
"Turk Farrell","1003950","1.6","0","5.3","4.3","1.2","3.3","1","1.3","F"
"Tommy John","1006515","1.1","3","3.8","2.6","2.9","3.8","4.4","4.5","I"
"Milt Pappas","1009989","3","1.4","1.2","2.1","4.8","3","3.7","3.8","N"
"Brad Radke","    748","0.8","2.8","4.9","4.2","3.7","4.2","4.5","2.1","I"
"Esteban Loaiza","   1310","1.2","-0.2","2.9","1","2.5","2.9","2.1","2.3","D"
"Luis Ayala","   1650","0.6","1.8","0.3","0.2","0.1","-0.1","-0.1","0.9","A"
"Cal Eldred","   1653","2.6","2.9","1.3","1.3","0.8","1.1","-0.4","1.9","B"
"John Wasdin","   1768","0.6","0.5","0.3","0.1","0.6","0.4","-0.6","0.8","A"
"Phil Hughes","   7450","1","0.4","2.3","3.1","0.5","1.9","1","6.4","H"
"Dave Giusti","1004748","0.4","1","2","2.7","3.8","1.2","1.3","0.4","C"
"Greg Harris","1005415","0.4","0.2","0.3","2","1.4","1.7","-0.1","-0.1","C"
"Jerry Reuss","1010853","2","1.4","2.8","4","2.5","4.6","2.9","3.9","I"
"Pedro Astacio","    862","1.8","2.6","1.5","1","2.6","3","1.6","4.2","E"
"Jeff Nelson","   1092","-0.5","0.4","0.4","2.2","1.3","1","0.4","0.3","C"
"Mike Bielecki","1000951","-0.3","1","0.5","0.4","3.2","1.8","1","2","C"
"Shawn Boskie","1001213","1.3","0.3","-0.8","0","0.2","1.3","0.7","0","A"
"Casey Fossum","    188","0.2","1.8","1.2","0.1","1.5","0.4","-0.3","0.2","B"
"Jeff Weaver","    503","1.6","3.1","4","4.1","2.2","4.3","2.4","0.3","I"
"Chris Tillman","   5279","-0.2","-0.3","1.1","1.3","2","2.3","2","2.5","D"
"George Brunet","1001590","0.1","1.1","-0.3","0.6","3.8","0.9","2.6","1.7","D"
"Eric Milton","    743","1.2","3.6","2.9","2.1","3.2","1.4","0.5","1","L"
"Russ Ortiz","   1124","0.4","1.7","1.1","4.4","2.9","3","1.6","-0.3","G"
"Jon Rauch","   1475","0.9","0.3","0.5","1.7","0.9","0.6","1.3","-0.6","A"
"Brian Duensing","   4064","0.8","1.5","1.3","1.5","0.9","-0.1","-0.4","0.8","B"
"Joe Saunders","   4366","1","1.4","2.2","1","1.2","0.3","2","0.5","B"
"Bob McClure","1008400","1.4","-0.5","-0.1","0.6","0.8","0.9","1.6","0.2","A"
"Billy O'Dell","1009724","2.9","2.9","6.4","2.6","-0.2","0.6","0.7","-0.8","F"
"Brandon McCarthy","   4662","0.5","0","1.1","1","4.5","1.9","1.6","2.6","D"
"John Axford","   9059","1.6","1.5","-0.1","-0.5","-0.4","0.8","0.3","0.2","A"
"Mark Petkovsek","1010242","-0.5","1.8","0","-0.5","0.7","1.4","0.5","-0.6","A"
"Rick Rhoden","1010887","0.7","1.2","3.2","1.6","1.7","2","3.6","5","H"
"Andy Ashby","    637","0","-0.4","0.1","3.2","3.3","1.8","3.8","3.2","D"
"Bob Wells","    760","-0.4","0.6","0.1","-0.6","0.5","1","-0.5","0","A"
"Wade LeBlanc","   5221","0.2","0.3","0.9","0.6","0.1","0.2","0.2","1.6","A"
"John Burkett","    179","2.5","2.3","2.8","4.5","2.4","2.2","4.6","4.6","H"
"Shawn Camp","   1855","0.2","0.2","0.4","-0.4","0.6","0.5","0.2","0.3","A"
"Jesse Chavez","   5448","-0.1","-0.6","0.7","1.6","2.5","-0.2","0","1.3","C"
"Tom Burgmeier","1001668","-0.1","-0.1","0.5","0.6","-0.2","0.2","0.6","-0.3","A"
"Mike Krukow","1007185","2.7","1.7","2.3","2.9","2.1","3.8","2","1.4","E"
"Juan Marichal","1008106","1.6","2.3","1.7","6.7","6.4","6.8","6.3","3.7","K"
"John Montefusco","1009065","0.7","6","5.2","3.1","2.9","0.7","0.4","0.1","L"
"Tom Niedenfuer","1009578","1.3","1.1","0.3","2.8","-0.7","-0.5","-0.1","-0.5","A"
"Gary Nolan","1009616","5.3","2.3","1.7","3.2","4.9","2.9","3","2.7","N"
"Ivan Nova","   1994","0.4","1.9","1.1","2.1","0.5","2.3","2.1","1.2","D"
"Jeremy Guthrie","   2072","2.3","2.2","1.3","2.4","1.8","0.9","0.7","1.2","B"
"Paul Assenmacher","1000344","0.8","-0.2","1.1","1.6","1.4","2.2","0.7","0.5","C"
"Scott McGregor","1008546","1.2","3.5","2.8","4.9","2.4","1.9","3.7","2.1","I"
"Dave Rozema","1011273","3.2","3.1","0.8","1.2","1.1","1.7","0.9","0.5","B"
"Mike Leake","  10130","0.7","1.3","1.2","2.3","2.4","1.6","2.4","3","D"
"Jamey Wright","    715","1","0.6","1.5","1","1.8","0.8","-0.2","0.6","C"
"Mike Trombley","    758","0.6","0.7","-0.4","0.4","1.7","1","-0.1","0.5","A"
"Madison Bumgarner","   5524","1.7","4.3","2.6","3.5","3.6","5","4.3","1.6","I"
"Heathcliff Slocumb","1012069","0.1","-0.2","0","1.6","1.2","1.9","0.2","0.2","C"
"Hoyt Wilhelm","1013945","2.6","1.7","1.7","2.6","1.9","1.4","0.9","1.2","F"
"Zach Duke","   3840","2.2","3.2","0.7","2.7","2.9","0.2","0.6","0","B"
"Stephen Strasburg","  10131","2.3","4","3.2","4.5","3.4","3.9","5.8","2.3","I"
"Jack Aker","1000097","0.2","1.2","0","-0.7","-0.2","0.6","-0.1","0.3","A"
"Chuck McElroy","1008477","0.7","0.5","0","1.2","0","0.6","1.4","1.9","A"
"Jeff Robinson","1011072","2.1","1.4","1","1.4","0.6","0.3","-0.1","0","B"
"Jeff Shaw","1011823","-0.4","0","-0.3","0.4","0.3","1.2","2.3","1.2","A"
"Todd Worrell","1014259","0.3","2","0.8","0.1","0.9","0","0.8","1.4","B"
"Jimmy Haynes","    329","0","1.1","1.7","1","1.4","1.7","2.1","-0.2","C"
"Roger Clemens","    815","3.4","2.3","7.1","8.4","9.2","5.1","8.2","8.5","O"
"Ricky Bottalico","    948","0.9","1.3","0.8","-0.6","0.1","-0.2","-0.2","0.8","A"
"James Baldwin","   1064","2.5","2.9","1.8","1.3","1.4","1.2","0.3","-0.1","B"
"Jim Johnson","   3656","1","0.3","1.3","1.3","0.9","-0.7","0.3","1.4","A"
"Jim Barr","1000606","0.2","1.9","2.5","3.3","2.7","3.6","3.1","2.1","G"
"Eddie Fisher","1004085","-0.4","2.2","1","0.4","0.5","0.6","0.1","0.2","B"
"Steve Hargan","1005356","0.9","4.7","4.2","0.4","0.7","1.8","-0.9","2.6","J"
"Eric Show","1011937","1.5","0.8","1","1.6","1.3","1.3","3","1.1","D"
"Carl Pavano","    790","0.9","2.1","1.8","0.4","0.8","3.3","4.5","0.6","E"
"Dillon Gee","   7396","0.3","0.3","1.6","2.1","0.4","0.2","-0.2","0.3","A"
"Ron Herbel","1005685","2.2","1.8","0.4","0.5","-0.6","0.3","-0.6","-0.5","B"
"Greg Minton","1008986","0.7","1.1","0.5","0.7","-0.4","-0.5","-0.7","-0.1","A"
"Edwin Nunez","1009658","0.1","0.3","0.7","0.1","0.2","0","-0.4","1.1","A"
"Fernando Valenzuela","1013327","4.9","6.1","4.2","5.2","5.4","6.2","2.3","-0.2","M"
"Bill Wegman","1013727","0.8","2.4","1.4","0.1","2.9","3.1","1.2","1.8","E"
"Steve Avery","   1706","1.5","2.6","3.5","5.1","2.5","2.5","2.4","-0.1","L"
"Rick Porcello","   2717","1.7","1.9","2.3","3","2.9","3","1.7","5.1","H"
"Paul Lindblad","1007614","0.8","0.3","0.2","0.2","-0.1","0.3","0.2","-0.3","A"
"Tom Murphy","1009376","1.3","2.7","0","0.6","0.8","1.5","0.3","0.1","B"
"Joey Hamilton","    328","2","3.1","3.4","1.4","2.4","1","0.5","1.5","J"
"Curtis Leskanic","    694","0.2","2.7","0.2","0.4","0.2","1","0.5","0","B"
"Aaron Fultz","   1113","0.4","0.5","-0.1","0.2","0.1","0.6","0.8","0.3","A"
"Jerome Williams","   1137","2","1","0.8","-0.3","0.3","0.9","0.3","0.3","A"
"Hector Carrasco","   1240","0.4","1","0.1","0.5","0.5","0.7","0.4","0.6","A"
"Russ Springer","   1652","-0.3","0.1","-0.3","0.9","0.9","0.4","0.4","-0.2","A"
"Jeff Samardzija","   3254","-0.3","0.6","2.7","3","4.4","2.3","2.3","3.8","G"
"Doug Fister","   9425","0.3","3.4","5.4","3.5","4","1.5","0.1","0.8","L"
"Don Hood","1005994","0.8","0.7","0.2","-0.3","1.5","0.7","0.4","0.6","A"
"Dave Hamilton","1005271","0.9","0.3","1","1.3","0.3","0.2","-0.7","0.9","A"
"Scott Kamieniecki","1006681","0.2","2.2","1.1","1.1","0.7","2.2","0.1","0.6","B"
"Jim Perry","1010213","1.4","1","1.9","1.5","0.6","1.7","2.9","1.8","D"
"Pete Richert","1010922","1","0.4","0.1","2.8","2.4","2.5","0.1","0.7","C"
"Mario Soto","1012289","-0.2","-0.1","3.1","3.3","7.4","4.5","2.5","3.1","N"
"Carlos Zambrano","    305","1.1","4.7","4.7","4.2","3.9","2.8","2.8","3.8","I"
"Brian Fuentes","    429","1.1","0.6","1.5","0.9","0.9","2.5","0.3","0.2","C"
"Scott Kazmir","   4897","0.5","3.6","3.6","4.8","2.3","2.2","-1","2.5","L"
"Shaun Marcum","   6204","0.3","1.1","1.6","3.6","2.7","1.2","1.6","-0.2","C"
"Tony Armas Jr.","    761","1","3.6","1.2","0.5","-0.1","-0.4","0.9","0","B"
"Roy Halladay","   1303","0.5","-0.3","4","6.8","7","2.8","3.8","5.1","K"
"Aaron Harang","   1451","1.2","1","1.8","4.6","5.7","5.4","1.4","2.2","N"
"Dennis Cook","      8","0.1","-0.4","0","0","0.2","0.2","1.5","0.7","A"
"Scott Erickson","    137","0.8","3.2","1.9","3.3","2.2","3.4","3.6","4.7","H"
"Tim Wakefield","    219","1.3","-0.5","2.6","1","1.8","1.6","0.7","-0.3","C"
"Matt Guerrier","   2061","0.3","0","0.7","-0.7","0.1","0.1","0.8","0.2","A"
"Jeff Reardon","1010741","0.6","0.4","1.7","0.7","1","1.2","0.1","0.7","C"
"Bud Norris","   9492","0.5","1.6","2","1.7","2.7","1.3","0","0.7","C"
"Bob Knepper","1007031","1.6","4.5","0.1","1.9","2.7","1.6","2.6","1.7","E"
"Denny McLain","1008603","0.6","4","0.9","1.1","7.2","7","0","0.1","N"
"Chris Hammond","     92","1.2","1.2","2.2","1.2","2.4","-0.3","0.9","1.8","C"
"Brett Myers","    962","-0.1","2.3","1.1","3.4","3.5","1.2","1.8","-0.5","L"
"Jeff Francis","   4684","0.3","2","3.5","3.7","1.5","1.6","1.7","1.7","F"
"Gary Bell","1000806","1.4","1.7","0.2","0.6","-0.4","0.7","5","2.8","D"
"Skip Lockwood","1007696","0.6","2.5","1.7","2","-0.2","0.8","2.3","2.3","D"
"Paul Shuey","    406","0.5","0.1","0.5","1.8","1.5","1.8","1","0.3","C"
"Brian Moehler","    480","2.1","3.1","3.4","3.3","0.3","2.1","0.3","0","F"
"Ken Hill","1005827","1.8","1","2.1","3.2","2.6","2.3","1.4","5.6","H"
"Kevin Brown","    642","3.1","2.4","1.5","6.3","4.4","3.4","4.5","6.7","K"
"Steve Reed","   1053","-0.5","-0.1","1.7","0.3","-0.3","0.8","0.1","0.3","A"
"Salomon Torres","   1628","-0.1","0.2","-0.4","0.7","0.2","0.3","1.3","0.3","A"
"Jered Weaver","   4235","2.5","2.9","3.2","3.8","5.8","5.4","3","2.3","N"
"Justin Verlander","   8700","2.8","3.7","3.2","8.5","6.6","6.5","6.9","4.8","O"
"Kirk McCaskill","1008382","2.2","5.6","0.3","2.6","3.2","2.4","1.3","2.7","E"
"Juan Pizarro","1010382","-0.2","3.9","3.9","4.7","3.9","0.9","-0.3","0.4","L"
"Doug Rau","1010717","0.5","0.4","2.3","4.8","1.9","4.3","1.9","0.7","G"
"Dan Plesac","   1319","2.5","2.3","1.9","0.9","0.9","0","0.6","-0.2","B"
"Ken Dayley","1003097","0.2","1","2","1","1.3","0.8","0.5","0.5","C"
"Mark Guthrie","    876","0.3","3.4","0.6","1.4","0.2","1","1.1","-1","B"
"Vicente Padilla","    964","1","0.7","3.6","2.7","1.3","0.6","3.2","0.7","F"
"Shigetoshi Hasegawa","   1082","0.7","0.4","-0.4","0.6","0.5","0.6","0.7","0.5","A"
"Kent Bottenfield","1001226","0.3","-0.8","0.5","-0.1","1.4","2.3","0.9","-0.5","A"
"Pete Harnisch","1005374","0.2","2","3.3","2.5","3.2","0.3","1.7","0.7","L"
"Tom Henke","1005649","1.1","3.5","3.3","1","3.5","1.5","1.7","0.6","J"
"Cal Koonce","1007101","1.6","0.1","0.7","1.4","0.4","1.1","0.2","-0.6","A"
"Claude Raymond","1010732","0.2","-1.4","0.8","2","0.3","-0.4","0","-0.2","A"
"Frank Tanana","1012818","3.6","7.2","6","5.8","2.8","1.3","3.5","1.2","M"
"Matt Morris","   1172","4.6","2.1","0.9","6.1","4.2","2.8","1.1","2.7","G"
"Aaron Cook","   1571","0.3","1","1.2","1","3.6","2.1","4.7","1.4","D"
"Clayton Richard","   3551","0.7","1.5","2.2","0.6","0.3","-1","0.4","0.5","B"
"John Buzhardt","1001788","2.1","0.9","1.1","1.9","2.6","2.6","1.4","-1","C"
"Willie Hernandez","1005714","1.6","-0.4","0","0.8","1.4","1.4","3.2","1.7","D"
"Jeff Fassero","    279","1.3","1.3","3.5","2.9","3.6","5.9","5","3.1","I"
"Mike Fetters","    988","-0.1","-0.1","0.5","0.1","0.9","0.5","1.4","1.2","A"
"Ryan Franklin","   1076","-0.1","1.4","1","1.3","0.9","-0.6","0.7","-0.4","A"
"Bob Moose","1009134","3.6","3.8","3.2","1.3","5.2","3.1","0.3","0.5","J"
"Jake Peavy","   1051","1.7","0.8","4.1","5.4","4.4","6.7","3.7","2.7","I"
"Woody Williams","   1190","0.2","0.5","0.3","0.9","1.4","1.3","1.5","1.9","D"
"Floyd Bannister","1000516","1.7","0","2.3","4.2","1.8","4.9","5","2","G"
"Oil Can Boyd","1001279","1.4","3.6","4.6","2.4","0.1","-0.3","0.2","2.2","F"
"Jose DeLeon","1003168","3","2.9","1.8","0.8","2.4","4.6","4.6","2.8","E"
"Rollie Fingers","1004051","0.2","1.6","1","1.5","2.4","3.3","2.2","4.1","H"
"Dave Goltz","1004818","1.2","1.4","2.4","4","3.3","6","4.4","4.6","K"
"Steve Rogers","1011138","2.6","4.4","4.2","4.8","7","3.7","4.2","4","K"
"Pete Vuckovich","1013461","0.5","2.2","4.3","3","2.5","2","2.4","0.1","L"
"Stan Williams","1014039","3","4.6","0.7","2.6","0.7","1.6","3.2","1.1","E"
"Jon Garland","    232","0.4","0.3","2.2","1.7","1.9","3.5","3.6","3.5","H"
"Rick White","    456","0.2","0.8","0.3","1.6","0.7","0.6","0.9","-0.2","A"
"Grant Balfour","    718","0.3","2.3","0.7","1.2","0.5","1.6","0.6","-0.1","B"
"Jaime Navarro","1009465","1.8","2.1","3.1","4","2.4","1","3.3","3.2","H"
"John Wetteland","1013815","1.7","-0.1","1.3","3.4","1.4","1.7","1.2","1.6","D"
"Pat Hentgen","    145","-0.3","2.2","3.5","2.5","6","3.8","0.7","1.9","N"
"Doug Drabek","1003473","1.5","2.7","2.4","2.5","4.2","3.9","4.8","4.1","H"
"Pat Mahomes","    291","0.7","-0.3","-0.2","-1","-0.6","-0.1","-0.7","-0.6","A"
"Chuck Finley","    384","0.5","0.7","2.4","3.8","4.8","2.9","1.3","5.1","N"
"Mark Clear","1002330","1.3","2.1","-0.5","0.8","-0.6","0","0.2","1.6","A"
"Jack Fisher","1004090","2.5","2.5","0.5","0.1","1.5","2.4","2","1.4","E"
"Bill Hands","1005303","1.2","1.6","3.1","6.5","6.4","3.7","3.8","1.9","N"
"Ken Johnson","1006477","0.8","0.6","4.5","4.1","2.9","3.9","2.3","1.9","G"
"Mickey Lolich","1007712","1.9","4.4","5.1","2.2","4.6","3.2","6","5.1","K"
"Chien-Ming Wang","   2074","1.4","3.8","3.7","1.5","0.1","0.1","-0.4","-0.1","B"
"John Curtis","1002905","3.3","2.2","1.4","0.2","-0.3","0","0.5","0.8","B"
"Moe Drabowsky","1003474","0.4","-0.1","2.4","0.6","0","1.3","1.4","0.2","A"
"Kevin Gregg","   1793","1.4","0","0.7","1.1","0.9","-0.3","0.8","-0.4","A"
"Dave LaPoint","1007338","1.8","1.9","3","2.4","-0.1","1.1","3.2","0.5","F"
"Randy Lerch","1007551","0.6","1.8","2.3","0.5","1","0.3","-0.3","0.4","B"
"Jason Johnson","    147","0.2","1","-0.2","1.1","1.7","2.1","2.7","2.6","D"
"Bill Caudill","1002088","0.5","1","-0.1","3.2","0.2","2","-0.3","-0.2","C"
"Tim Hudson","    921","3.8","3.5","5.1","4.7","5.8","4.6","1.8","2.5","M"
"Terry Forster","1004236","0.5","2.3","3.1","3","0.8","1.3","0.9","1.6","F"
"Mark Portugal","1010460","1.3","-0.7","-0.7","1.6","1.7","0.9","0.7","3.4","D"
"Dave Roberts","1011031","-0.3","2.6","5.4","1.8","4.2","3.2","1.8","3.2","I"
"Mike Scott","1011691","0.3","1.3","0.3","1.7","2.2","1.7","8.6","5.4","H"
"Cliff Lee","   1636","0.7","1.1","3.8","2.3","0.1","6.8","6.4","7.4","H"
"Kerry Wood","    304","4.4","1.4","3.9","3.6","4.2","2.9","0.5","2.1","J"
"Roy Oswalt","    571","4.2","6.2","2.6","6.5","6.1","6.1","4.9","3.7","O"
"Pete Smith","1012191","0.2","1.9","2","0.8","0.2","1.3","0","-0.3","B"
"Jorge De La Rosa","   2047","0.3","-0.3","0.4","2.4","3.3","1.4","1.5","2.8","D"
"Mike Boddicker","1001111","3.8","3.6","3.8","2.9","3.3","4","2.9","4.1","M"
"Pat Dobson","1003345","-0.5","0.6","1","3.2","5.6","4.9","1.8","4.4","N"
"Tug McGraw","1008545","0.1","-0.4","1.3","0.7","2","1.6","-0.1","-0.2","C"
"Nolan Ryan","1011348","0.6","1.7","1.1","0.6","5.4","8.7","6.8","2.4","N"
"Rafael Betancourt","    177","0.4","1.8","1.5","0.8","3.3","0.2","1.4","1.8","C"
"Bob Howry","    237","0.6","0.8","1.2","0.3","0.4","0.4","1.4","1.5","A"
"Jose Contreras","   1660","1.7","1.1","3.3","4","2.4","2","2.1","0.7","G"
"Willie Blair","1001033","0.8","-0.2","0.5","1","0.2","1.1","-0.3","3","A"
"Tom Hume","1006179","0.1","2.2","2.6","1.4","-1","0.5","-1.2","-0.5","B"
"Rick Helling","     58","-0.3","0.4","0.3","3.5","1.3","2.6","2.1","1.5","D"
"Brandon League","   3731","-0.7","0.6","0.1","0.8","0.4","1.4","0.9","-0.7","A"
"Neil Allen","1000154","1.3","0.8","0.7","0.6","0.9","0.3","-0.4","1.8","A"
"Mike Caldwell","1001830","2.2","1.8","1.5","0.5","1.4","1.1","6.3","4.4","H"
"Lee Guetterman","1005122","0.4","1.4","0.2","1","1.2","0.4","-1.2","0.4","A"
"Bruce Kison","1006978","1","1","0.2","0.9","1.7","3.2","2","1.5","D"
"Sam McDowell","1008476","0.1","0.6","3.7","8.7","4.4","2.8","6.8","9.4","K"
"Jack Sanford","1011432","2.8","1.6","3.2","3.8","1.2","0.2","0.2","0.2","F"
"Clyde Wright","1014272","0.2","0.6","0","0.3","2","3.9","1.4","0.8","C"
"Scott Bailes","1000430","0.9","0.2","-0.2","1.2","-0.9","0.2","-0.8","0.3","A"
"Doug Jones","1006552","2.6","3.7","2.6","1.4","0.8","2.6","0.8","1.6","J"
"Jim Merritt","1008789","0.9","2.7","4.6","4.4","2.6","3.9","-0.5","1.5","L"
"Pete Mikkelsen","1008852","0.7","0.1","0.3","-0.9","-0.7","0.3","-0.3","0.1","A"
"Bret Saberhagen","1011355","1.9","6.2","3.5","5.2","5.5","7.5","2.9","4.4","K"
"Zane Smith","1012218","1.9","3.3","3.7","1.6","2.2","4","4.6","2.2","I"
"James Shields","   7059","1.7","4","4.1","3.4","2.1","4.9","3.8","4.1","I"
"Jordan Lyles","   7593","0.4","0.8","0.4","1.4","0.9","0.2","-0.3","0.6","A"
"Mike LaCoss","1007240","0.6","2","1.3","-0.1","0.2","0.1","1.8","0","B"
"Frank Linzy","1007643","0.7","0.8","0.1","0.3","0.8","0.3","0.1","-0.3","A"
"Steve Renko","1010835","0.1","1.4","1","-0.4","2.7","3.7","0.7","3.3","E"
"Ron Robinson","1011076","0.4","1.3","1.7","2.5","0.9","0.6","3.1","0.2","D"
"Scott Sanderson","1011422","1.3","2.5","2.7","2.2","2.9","0.6","3.6","2.2","J"
"Kelvim Escobar","   1298","0.8","1.9","2.3","1.9","2.7","0.5","3.4","4.2","H"
"Earl Wilson","1014073","0.6","1.9","2.3","1.5","3.5","4.2","1.7","3.6","E"
"Blaine Boyer","   2237","0.6","0","0.3","-0.1","0.3","0.3","0.3","0.4","A"
"Jack Morris","1009211","0.5","0.3","3.6","3.7","2.7","2.2","6.2","4","H"
"Dickie Noles","1009620","1","0.4","0.8","2.1","1.7","0","1","-0.9","C"
"Elias Sosa","1012284","0.8","-0.4","-0.1","1.1","0.6","1.3","1.5","1.5","A"
"Craig Breslow","   4363","0.9","0.4","0.5","0.4","0.6","0.5","-0.9","-0.6","A"
"Pete Falcone","1003910","0.9","2.5","-0.4","-0.8","0.8","1","1.2","-0.5","B"
"Aurelio Lopez","1007753","0.4","2.2","1.5","0.4","-0.5","1","0.4","-1","B"
"Al McBean","1008337","0.4","3.6","1.5","0.7","0.5","0.1","0.7","1.5","B"
"Mike Smithson","1012181","0.5","4","2.7","3.2","1.9","0.5","-0.6","-0.3","L"
"Tomo Ohka","    788","1","1.2","3.2","3","1.1","1.6","0.9","-0.1","F"
"Ricky Bones","1001161","0.9","-0.4","0.5","2.3","1.1","-0.4","0.3","0.4","A"
"Jay Howell","1006098","1","2.9","2.3","0.9","0","2.2","1.5","0.8","B"
"Lynn McGlothen","1008534","2.5","4.1","2","2.7","-0.3","0.6","2.7","1","J"
"Sid Monge","1009053","0.1","-0.7","0.5","2.1","-0.3","-0.2","-0.2","-0.6","A"
"David Palmer","1009970","1.5","1.6","0.9","1.5","2.5","3","1.9","1.8","E"
"Bob Tewksbury","1012941","2.2","0.4","0.3","2.9","2.6","4","4.3","2","G"
"Bill Travers","1013161","-0.5","0","1.3","0.3","0.7","0.3","0.4","0.3","A"
"Drew Storen","   6983","0.6","0.7","0.7","0.2","1","1.2","0.1","-0.1","A"
"Jim Colborn","1002409","1.7","1.2","5.1","1.1","1.8","2.3","2.1","-0.8","F"
"Ron Kline","1007004","-0.2","2.3","0.5","1.1","0.8","0.5","-0.1","-0.3","B"
"Dan Quisenberry","1010622","0","1.9","1.1","1.5","2.7","1.5","2.7","1.3","D"
"Darren Oliver","    206","0.2","0.7","2.3","1","1.4","3.3","0.9","1.2","C"
"Scott Eyre","   1300","-0.1","-1","1.1","0.2","-0.2","1.5","0.2","0.2","A"
"Santiago Casilla","   2873","0.4","0.3","-0.2","0.6","0.3","-0.5","-0.2","0.4","A"
"Ray Culp","1002869","2.1","0.4","2.4","-0.5","0.4","3.8","4.1","5.3","H"
"Jaret Wright","    415","1.3","2.1","1","0.6","-0.4","4.5","0.1","2.4","E"
"Bronson Arroyo","    978","0.5","0.1","3.3","2.4","4.6","3.4","2.2","1.4","G"
"Scott Baker","   6176","0.9","0.6","2.7","3.3","3.4","2.5","2.5","0.1","G"
"Hal Woodeshick","1014215","1","0.1","2.9","1.3","0.3","0.5","0","-0.6","F"
"Darren Holmes","     95","0.7","1","1","1.6","1.1","0.8","0.4","0.4","C"
"Pedro Martinez","    200","1.7","3.4","3","5.1","8.5","5.7","11.6","9.4","O"
"Esteban Yan","   1236","0.2","-0.1","1.3","1.2","0","-0.5","0.8","-0.2","A"
"Rudy May","1008310","0.4","1.9","3","3.5","2.6","1.5","2.7","4","H"
"Rheal Cormier","    952","1.5","3","1.2","0.4","1.7","2","0.9","0.8","B"
"Justin Masterson","   2038","0.2","1.7","2.7","5.1","2.8","3.7","0.5","-0.1","G"
"Alan Mills","1008949","-0.5","0.7","-0.6","0.1","-0.3","-0.4","-0.2","-0.6","A"
"B.J. Ryan","    168","-0.2","0.3","0.1","1.6","3.3","2.6","2.7","0.8","D"
"Ron Mahay","    290","-0.5","0.9","0.9","-0.3","0.3","0.5","0.4","-0.4","A"
"Steve Sparks","    499","2.4","-0.9","1.5","0.5","2.1","3.2","1.2","0","C"
"Jay Witasick","   1138","1.1","1.1","1.4","0.7","-0.2","0.1","1","-0.3","B"
"Bruce Dal Canton","1002936","0.2","0.5","2.1","2.3","0","2.5","1.3","-0.4","F"
"Bobby Thigpen","1012958","0.7","0.7","0.9","-1.1","1.6","-1.2","0.1","-0.3","A"
"John Halama","   1080","0.7","2.4","2.3","0.1","1.1","0.1","0.5","0.2","B"
"Chris Bosio","1001212","-0.3","3.7","3","5.5","1.4","3.3","3.8","2.8","I"
"Dick Bosman","1001215","0.3","0.9","0.9","4.2","4.1","1","2.6","-0.6","G"
"Don Wilson","1014071","3.2","3.8","4.4","2.1","5","4.4","2.4","1.1","M"
"Boone Logan","   5525","0","0.2","0.3","0.5","0.4","0.1","0.3","0.8","A"
"Tyson Ross","   7872","0","0.8","0.3","1.9","2.6","4","-0.1","1","C"
"Bill Bonham","1001165","-0.2","0.9","2.8","5.4","3.7","2.3","4.1","2.1","G"
"Pat Rapp","1010700","1.2","0.6","2.2","1.1","0.5","1.2","1.6","2.2","D"
"Tom Underwood","1013281","3.4","2.2","1","2","2.7","2.7","1.3","1.3","E"
"Nate Robertson","   1620","0.3","2","1.4","2.2","1.8","1.1","0.5","0.5","C"
"Travis Wood","   9884","2.1","1.1","0.4","3","1.4","1.2","0","-0.6","C"
"Aroldis Chapman","  10233","0.5","3.1","1.8","2.8","2.5","2.7","1.5","1.9","E"
"Moose Haas","1005172","1.8","0.3","1.3","4","1.9","3.6","2.9","3.1","G"
"Justin Speier","    451","0.6","0.2","0.4","0.5","0.4","0.4","1","0.5","A"
"Joe Beimel","    979","0.4","0","-0.4","0.2","1","0.5","0.3","0","A"
"Dave Veres","   1188","0.4","1.8","0.2","0.3","1.5","0.2","1.5","-0.2","A"
"David Price","   3184","1.1","4.3","4.8","4.3","3.9","5.6","6.7","4.4","K"
"Carlos Carrasco","   6632","0.5","1.5","0.2","3.2","4.8","2.5","5.4","5.2","H"
"Luke Hochevar","   6943","1.3","0.9","1.7","2.2","1.4","1.1","0.1","0.2","C"
"Joe Coleman","1002428","1.7","2.5","2.8","2","7.1","3.9","4.4","1.5","N"
"John Denny","1003210","2.1","1.4","1.4","2.7","-0.2","1.9","2.2","2.2","D"
"Phil Niekro","1009583","0.4","-0.4","3.6","3.6","6.3","1.8","4.3","6","K"
"Scott Radinsky","1010641","0.4","1.2","0.5","0.9","-0.6","1.1","0.6","0.6","A"
"Buddy Groom","    143","0","0.1","0.2","-0.3","0.6","0.1","0.6","1.1","A"
"Felix Rodriguez","   1127","0.1","-0.2","0.5","1.7","2.1","0.5","0.2","0.2","C"
"Ted Power","1010504","-0.4","0","1.4","0.4","1.1","2","0.8","1.1","C"
"Randy Johnson","     60","1.6","2","2.6","3.4","7","5.2","9.5","1.6","K"
"Robb Nen","   1123","-0.3","1","1","2.8","0.6","3.6","1.3","2.5","D"
"Rich Rodriguez","   1276","0.3","-0.7","1","-0.5","0.1","-0.1","0.4","-0.1","A"
"Edward Mujica","   3970","0.1","0.5","0","0.8","0.4","0.1","0.2","-0.5","A"
"Brian Bohanon","1001126","-0.4","0.9","-0.2","0.1","0.3","1.2","1.1","1.7","A"
"Sid Fernandez","1004001","0.9","3.1","4","1.9","3.3","3.2","3.2","0.8","J"
"Omar Olivares","1009771","0.6","1.5","1.5","-0.1","-0.5","0","2","1.9","B"
"Camilo Pascual","1010039","4.3","5.3","6.8","5.4","4.1","2.1","1.5","2","M"
"Tyler Clippard","   5640","0.1","1.2","1.5","1.2","0.4","1.5","0.2","0.6","C"
"Len Barker","1000546","1.2","-0.5","2.4","5.2","4.6","5.8","3","2.3","N"
"Steve Bedrosian","1000766","2.6","1.4","1.8","1.7","0.3","0.8","0.6","-1.1","B"
"Lee Stange","1012400","0.5","1.9","1.6","1.8","2","3.5","0.4","0.9","E"
"Aaron Sele","     34","2.6","2.4","0.4","3.3","0.8","4.7","4.9","4.3","H"
"Todd Van Poppel","   1284","-0.2","-0.4","1.8","-1.1","0.3","0.5","0.7","0.1","A"
"Brandon Morrow","   9346","0.3","0.5","0.3","3.2","2.9","2.5","-0.2","0.4","C"
"Bob Locker","1007688","0.7","1.6","1.4","1","0.6","1.1","0.9","1.2","B"
"Kevin Tapani","1012824","0.6","3.5","4.6","4.5","4.3","3.4","2.2","2.7","I"
"Frank Castillo","    180","2.5","2.4","0.9","2.7","1.9","1.9","1","2","E"
"Chris Carpenter","   1292","1.1","2.8","2.9","0.7","2.3","0.5","3.1","6.3","H"
"Ervin Santana","   3200","1.6","3","0.8","5.3","0.8","2.1","2.5","-0.8","L"
"Shane Reynolds","    574","2.7","4.9","5.5","3","4.5","6","1.5","2.6","M"
"Omar Daal","    646","-0.7","0.6","0.2","3.5","3.7","0.7","1.5","1.5","C"
"Clay Buchholz","   3543","0.4","0.7","3.1","0.7","0.8","2.7","1.3","3.3","D"
"Donnie Moore","1009102","0.9","0.7","0.1","0.8","1.3","2.4","0.5","0.2","C"
"Ron Reed","1010773","2.6","3.9","1.5","2.9","3.1","2.5","3.3","6.9","H"
"Jeff Russell","1011314","0.7","1.7","0.3","0","0.3","2","2.1","-0.2","B"
"Albie Lopez","    102","-0.2","0.1","0","0.8","0.2","1.9","2.3","0.9","D"
"Roberto Hernandez","    605","1.7","1.9","0.8","1","3.2","1.2","0.4","2.2","C"
"Kip Wells","   1012","0.9","0.7","1.4","2.3","2.1","1.9","0.4","0.4","C"
"Jim O'Toole","1009897","3.5","5.6","4.6","4.8","5.9","0.9","1.8","0.6","M"
"Milt Wilcox","1013939","0.2","0.2","0.8","-0.5","-0.1","1.5","3","2.8","D"
