Name,playerid,WAR25,WAR26,WAR27,WAR28
Freddy Garcia,1077,3.4,1.6,4.8,4.0
Rich DeLucia,1003185,0.8,-0.3,0.1,0.4
Dan Petry,1010246,4.2,2.9,0.4,0.1
Mel Stottlemyre,1012579,2.5,2.9,3.7,3.1
Brian Anderson,44,0.4,1.0,1.7,2.0
Chris Capuano,1701,0.4,2.2,4.0,1.9
Chad Qualls,2170,0.3,0.7,0.2,0.8
Esmil Rogers,6317,-0.3,1.1,0.1,-0.2
Tom Griffin,1005054,0.6,2.1,-0.4,0.0
Ricky Horton,1006036,0.7,1.1,-0.2,0.3
Octavio Dotel,555,0.6,0.8,3.3,2.8
Jason Schmidt,1131,2.9,3.0,0.7,3.0
Bryce Florie,1004172,0.0,0.4,0.9,1.4
Steve Stone,1012573,3.1,1.4,2.4,0.9
Pat Misch,5909,0.5,-0.1,-0.2,0.6
Masahiro Tanaka,15764,2.9,2.3,4.6,2.7
Jerry Augustine,1000365,1.7,1.0,-0.5,0.3
Danny Cox,1002695,3.2,3.1,2.2,1.0
Storm Davis,1003080,1.1,2.1,0.5,1.4
Vern Ruhle,1011297,1.8,0.5,1.3,0.4
Bobby Jones,1039,2.7,1.9,1.8,1.8
Nick Masset,7267,0.1,0.1,1.2,0.9
Frank Pastore,1010048,1.2,0.2,0.9,-0.1
John Franco,874,1.4,1.5,1.1,1.3
Brandon Backe,1529,-0.1,0.5,1.1,0.4
Brian Matusz,2646,0.9,1.0,0.2,0.5
Zack Britton,3240,0.1,1.0,2.1,2.5
Matt Albers,4300,0.1,0.6,0.1,0.1
Keith Atherton,1000348,-0.4,-0.4,0.2,0.2
Larry Christenson,1002215,1.3,1.2,1.7,4.2
Jimmy Jones,1006569,-0.1,-0.2,1.5,0.7
Joey Jay,1006373,3.6,3.4,0.8,3.4
Jerry Koosman,1007103,3.6,5.4,2.3,2.2
Curt Schilling,73,4.2,4.5,0.8,2.8
Dustin Hermanson,195,3.1,4.0,1.4,0.5
Kent Mercker,439,1.1,1.6,1.5,-0.3
Ray Lamb,1007278,-0.2,2.0,1.9,0.4
C.J. Nitkowski,570,0.2,0.5,1.0,-0.6
Sergio Romo,9817,0.5,1.1,1.2,2.0
Al Hrabosky,1006116,2.5,0.8,-0.6,0.8
Claude Osteen,1009878,3.5,4.8,3.8,1.9
Tom Seaver,1011708,8.3,9.1,5.6,7.3
Manny Delcarmen,3180,0.4,1.1,0.0,-0.6
Don Carman,1001967,1.3,1.6,1.0,1.2
Rawly Eastwick,1003648,2.3,0.3,-0.2,0.2
Jim Maloney,1008039,6.5,4.9,4.5,2.9
Sidney Ponson,161,1.7,4.4,3.0,1.0
Jim Clancy,1002255,0.4,4.3,2.8,1.8
Jack Kralick,1007135,2.4,5.1,3.8,3.8
Hal Reniff,1010833,0.4,0.4,1.0,0.3
Allen Ripley,1010979,0.1,0.0,0.7,1.0
Jamie Moyer,1091,2.1,0.2,1.0,-0.2
Jake McGee,7550,1.9,0.5,2.5,1.1
Lance Painter,1675,0.3,0.7,0.1,-0.5
Shane Greene,10756,1.0,0.3,1.3,0.8
Craig Lefferts,1007476,0.1,1.4,0.3,0.8
Al Fitzmorris,1004119,1.3,0.0,1.4,2.3
Danny Jackson,1006295,4.3,5.2,0.9,1.7
Scott Sanders,1011423,2.1,1.1,3.6,0.1
Terry Adams,946,0.5,0.3,0.8,4.3
Gavin Floyd,3886,2.3,4.0,4.2,3.1
Ryan Webb,7474,0.2,0.7,0.5,0.7
Dennis Eckersley,1003660,2.9,3.2,3.1,0.8
Gaylord Perry,1010210,3.6,2.3,7.3,5.6
Rick Wise,1014155,4.6,4.8,5.1,1.0
Mike Stanton,849,0.1,0.3,0.3,-0.1
Charlie Morton,4676,1.6,-0.3,2.0,0.4
Tom Gorzelanny,6244,-0.7,0.7,1.8,0.7
Jim Bouton,1001241,2.4,0.0,0.9,-0.2
Kelly Downs,1003453,1.7,3.3,2.9,0.9
Tom Hausman,1005505,0.3,0.8,0.0,0.1
Jon Lieber,287,1.2,1.4,3.2,2.6
Don Drysdale,1003516,6.5,5.8,6.9,3.4
Jim McGlothlin,1008532,2.1,1.4,1.6,0.4
Tim Scott,1011694,-0.2,0.7,1.1,0.4
Ed Whitson,1013911,3.2,0.7,1.1,-0.1
Mike Thurman,852,1.7,0.9,1.5,0.4
Mike Kekich,1006764,0.0,0.8,0.2,-0.5
David Phelps,6316,0.4,0.8,0.4,1.2
Allen Watson,1013675,1.0,1.1,0.9,0.2
Jim Willoughby,1014047,-0.3,0.0,0.4,0.4
John Smoltz,115,5.0,3.9,2.1,4.6
Jack Armstrong,1000313,3.3,0.0,0.7,0.3
J.R. Richard,1010913,2.3,3.3,5.0,6.4
Dick Tidrow,1013056,2.5,2.5,2.4,0.1
Jeremy Affeldt,583,1.0,0.3,-0.5,0.4
Bill Gullickson,1005136,1.8,3.0,3.2,1.1
Catfish Hunter,1006199,3.2,4.5,0.5,6.3
Clay Kirby,1006960,0.4,4.1,-0.4,-0.8
Julian Tavarez,541,0.3,-0.3,1.5,2.2
James Paxton,11828,1.1,0.5,3.6,4.6
Doyle Alexander,1000122,1.3,1.7,1.4,1.2
Larry McWilliams,1008700,1.1,0.5,0.9,2.6
Randy Moffitt,1009027,0.2,-0.4,0.2,1.1
Ron Taylor,1012885,2.1,-0.2,0.0,0.2
Sonny Gray,12768,3.9,0.9,2.8,1.6
Grant Jackson,1006298,0.6,4.3,1.5,1.1
Paul Wagner,1013490,2.0,1.8,1.4,0.9
Troy Percival,29,2.4,2.3,1.1,1.7
Mat Latos,3815,5.0,1.8,1.6,0.2
Steve Cishek,6483,1.0,0.8,1.5,2.3
Chad Ogea,1009744,1.9,1.7,0.4,-0.6
Juan Cruz,273,0.5,-0.2,1.6,0.6
Ben Sheets,710,8.0,3.7,4.0,2.5
Wade Davis,7441,1.4,1.0,1.5,3.1
Lindy McDaniel,1008441,0.7,1.3,0.6,1.6
Pedro Ramos,1010681,4.5,3.2,0.6,2.4
Mike Witt,1014174,6.7,4.0,4.4,2.7
Kenley Jansen,3096,2.5,2.2,1.6,3.1
Roberto Hernandez,3273,0.4,3.3,0.6,0.2
Luis Aquino,1000285,2.0,-0.2,2.0,0.3
John Butcher,1001762,0.5,1.0,3.3,2.7
Dave LaRoche,1007354,-0.3,-0.1,1.3,2.6
Fred Lasher,1007366,0.5,-0.2,-0.2,0.1
Erik Bedard,126,2.4,3.4,4.6,5.0
Wayne Gomes,191,0.8,0.0,0.4,0.2
Josh Fogg,989,0.8,0.6,1.7,0.5
Chan Ho Park,1267,3.7,1.2,3.9,4.3
Kenny Rogers,1277,1.3,-0.5,1.1,3.6
Mitchell Boggs,3344,0.6,0.0,0.4,0.6
Steve Foucault,1004262,-0.9,-0.8,1.8,0.2
Sparky Lyle,1007859,0.6,0.2,1.5,1.5
Andrew Miller,6785,-0.4,-0.1,0.5,0.3
Adam Warren,9029,0.0,1.2,2.2,-0.5
Charles Hudson,1006134,2.2,1.0,0.1,1.5
Shane Rawley,1010719,0.9,3.2,3.2,1.6
Kevin Appier,3,6.8,4.0,5.3,6.3
Ernesto Frieri,5178,0.6,0.8,0.7,-0.8
Charlie Hough,1006050,0.3,-0.5,-0.3,-0.4
Liam Hendriks,3548,0.4,1.5,1.3,1.0
Wily Peralta,7738,1.5,0.2,0.7,0.0
Ben McDonald,1008454,4.5,3.0,1.0,4.2
Steve Barber,1000530,5.4,1.1,2.9,2.6
Jim Palmer,1009973,4.6,4.4,4.6,1.9
Denny Neagle,441,1.8,4.2,3.4,5.2
Kirk Rueter,1128,0.9,3.0,0.9,1.4
Brett Cecil,2660,0.1,0.9,1.2,1.3
Jon Niese,4424,2.5,2.2,2.4,0.6
Doc Medich,1008714,3.4,3.7,2.7,1.8
Bruce Sutter,1012743,2.3,4.8,1.9,1.1
Adam Bernero,460,0.1,0.6,-0.2,0.2
Danny Darwin,1002996,1.7,1.0,3.2,3.7
Pat Jarvis,1006363,2.0,2.2,4.3,1.8
George Stone,1012565,-0.2,1.7,0.2,0.5
Jake Westbrook,412,1.0,3.0,2.9,3.6
Jose Lima,475,2.7,4.7,-0.1,-0.2
Dave Burba,1239,0.5,0.1,0.6,1.2
Glenn Abbott,1000010,0.4,1.5,1.2,0.2
Mike Henneman,1005656,1.9,1.3,0.5,1.2
Paul Splittorff,1012346,3.9,4.1,1.4,2.0
David Riske,402,0.0,1.5,0.1,-0.1
Todd Jones,436,-0.1,1.4,0.4,-0.4
Joel Pineiro,1094,1.8,1.8,0.4,0.4
Jason Davis,1598,0.2,1.1,-0.4,0.1
Ken Brett,1001402,4.0,0.7,3.3,2.0
Bob Scanlan,1011489,0.5,0.3,1.6,0.1
Paul Spoljaric,1012349,0.1,1.1,0.0,0.4
Matt Cain,4732,4.0,4.5,3.2,1.2
Xavier Hernandez,1005715,0.4,1.1,2.1,-0.1
Tom Phoebus,1010301,2.1,4.2,1.3,1.2
John Smiley,1012084,1.9,3.4,5.0,0.8
Wade Miley,8779,3.9,1.6,1.2,2.7
Erasmo Ramirez,10314,2.3,-0.5,1.1,-0.6
Richard Dotson,1003424,2.0,0.8,2.1,2.4
Jimmy Nelson,10547,0.8,1.9,0.6,4.8
Bryan Clark,1002270,1.4,1.0,-0.3,-0.4
Terry Fox,1004284,0.4,0.8,0.0,0.5
Gil Heredia,1005686,0.2,-0.2,1.0,1.3
Tim Lollar,1007715,-0.3,2.3,0.8,0.9
Roger McDowell,1008475,1.4,0.0,0.8,0.4
Tommy Hunter,1157,-0.4,0.7,0.7,0.3
Luke Gregerson,4090,2.1,1.3,0.6,0.6
Ron Davis,1003075,1.6,0.0,2.1,0.0
Jeff Parrett,1010019,0.1,-0.5,1.4,0.2
Sammy Stewart,1012528,0.5,-0.1,1.5,1.5
Mike Gardiner,1004516,1.2,1.0,0.0,-0.1
Vicente Romo,1011177,0.4,1.7,0.8,0.4
Dave Schmidt,1011580,2.5,0.6,1.5,1.2
Mike Torrez,1013134,2.2,1.0,2.4,2.4
Sean Marshall,5905,0.7,0.8,1.8,2.6
Jaime Garcia,8137,2.6,0.5,0.4,2.8
Bill Castro,1002077,-0.1,0.3,0.5,1.2
Reggie Cleveland,1002347,4.3,1.5,1.6,2.6
Dick Drago,1003475,3.8,4.7,2.9,2.8
La Marr Hoyt,1006114,1.2,0.4,5.3,5.4
Wayne Twitchell,1013244,3.5,0.4,1.1,1.2
Jason Grimsley,602,0.5,1.4,-0.4,0.9
Edinson Volquez,3990,0.2,0.7,-0.3,1.4
James Russell,4089,-0.2,0.7,0.1,0.3
Kyle Hendricks,12049,3.2,4.1,2.5,3.5
Bob Miller,1008877,1.1,0.4,0.3,-1.0
Mel Rojas,1011153,1.4,0.3,0.9,1.2
Lary Sorensen,1012279,3.0,2.0,2.2,0.9
Diego Segui,1011725,2.0,1.7,1.6,0.8
Bob Shirley,1011911,2.3,-0.1,0.1,0.1
Fred Talbot,1012813,0.4,-1.1,0.7,1.2
Al Downing,1003450,1.8,3.9,0.2,1.5
Jeff Suppan,633,1.9,2.5,1.3,2.7
Esmerling Vasquez,5280,0.1,-0.4,0.0,0.3
Jack Lamabe,1007266,0.6,2.2,1.7,-0.6
Jim Lonborg,1007724,5.7,0.2,1.8,0.7
Jim Slaton,1012054,0.8,4.1,1.5,1.3
Andy Benes,1144,3.5,4.2,3.3,2.4
Huston Street,8258,1.5,0.8,0.4,1.1
Jim Roland,1011156,0.5,0.6,0.3,-0.2
Danny Graves,326,0.8,0.8,1.2,1.3
Tyler Lyons,11334,0.4,0.3,0.1,-0.1
Clay Carroll,1001997,1.5,0.2,1.0,0.6
Ed Vande Berg,1013348,0.6,0.5,-0.6,0.3
Andy Pettitte,840,7.2,3.2,2.6,3.9
Burt Hooton,1006005,3.9,3.1,5.2,3.3
Jim Ray,1010726,-0.3,0.8,-1.1,-0.7
Felix Heredia,1304,0.4,-0.2,0.0,-0.1
Jeff Locke,2929,1.1,0.1,1.3,0.3
John Danks,6329,4.5,2.9,0.3,0.2
Ramiro Mendoza,836,1.7,2.0,1.9,0.5
David Wells,855,-0.9,1.8,3.8,2.5
Tom Hall,1005262,0.4,-0.2,-0.6,-0.5
Rick Reuschel,1010852,4.7,4.7,4.8,6.5
Jason Jennings,434,1.5,1.4,4.2,0.4
Mike Jackson,732,0.1,1.5,0.4,0.9
Doug Davis,1244,3.6,0.6,0.7,4.4
Adam Wainwright,2233,3.7,2.4,5.2,5.0
Vida Blue,1001094,5.1,7.6,4.9,5.6
Dean Chance,1002130,2.9,6.9,7.7,1.3
Rich Gale,1004444,1.0,1.8,-0.1,1.5
Juan Guzman,1005162,5.5,4.3,1.8,1.8
Carlos Silva,973,2.6,2.1,-0.5,2.6
Josh Johnson,4567,5.6,6.1,1.7,3.3
Craig Kimbrel,6655,2.2,2.5,1.3,1.2
Jesse Jefferson,1006380,0.0,-0.7,-0.4,2.4
Bob Ojeda,1009756,1.8,2.8,3.1,4.2
Guillermo Mota,1467,0.0,0.2,-0.3,0.4
Bob Forsch,1004233,3.0,0.4,2.0,1.8
Pascual Perez,1010185,1.3,4.0,2.6,0.2
Dan Spillner,1012342,-0.5,1.3,1.4,1.4
Jordan Zimmermann,4505,3.1,3.3,3.8,5.4
Vance Worley,6435,-0.2,1.4,0.4,0.1
Yovani Gallardo,8173,2.7,2.0,1.5,1.6
Ken Patterson,1010067,-0.3,-0.2,-1.0,-0.3
Don Schwall,1011657,2.5,0.7,0.6,1.2
Craig Swan,1012754,1.5,1.7,3.8,4.4
Mike Norris,1009637,6.0,0.9,-0.2,0.8
Dave Stewart,1012519,0.4,1.7,0.5,-0.1
Derek Lowe,199,2.4,2.2,2.4,1.6
Dan Miceli,1463,-0.6,0.3,1.1,0.2
Chris Young,3196,0.5,3.4,2.2,4.3
Mike Montgomery,4869,0.2,1.0,1.3,1.5
J.A. Happ,7410,0.4,1.6,1.0,0.7
Dallas Keuchel,9434,1.1,3.4,5.6,2.4
Dennis Lamp,1007284,2.9,3.3,1.4,2.3
Greg Hibbard,1005764,3.5,1.0,1.2,2.2
Les Lancaster,1007287,1.5,0.3,2.3,0.4
Jon Matlack,1008246,4.4,4.4,2.6,6.8
Jose Jimenez,435,2.3,1.3,0.5,1.1
Zach McAllister,2895,1.6,1.4,0.9,0.4
Kyle Kendrick,6230,0.5,0.2,1.2,2.0
Gene Brabender,1001293,2.0,1.2,0.6,1.1
Rick Waits,1013494,1.5,2.8,1.7,3.0
Wilbur Wood,1014248,1.3,1.3,0.4,1.9
Paul Quantrill,669,-0.1,2.0,0.3,1.9
Gil Meche,1089,1.1,0.5,1.9,3.7
Francisco Liriano,3201,0.7,5.6,0.6,1.5
Bob Gibson,1004662,3.9,6.0,4.4,5.8
Neal Heaton,1005568,2.0,0.9,2.3,-1.0
Bill Krueger,1007175,1.2,0.8,0.9,-0.1
Phil Regan,1010785,1.3,0.3,1.0,0.4
Mark Mulder,932,4.5,2.4,1.9,-0.5
John Candelaria,1001909,2.2,4.0,0.4,3.7
Bobby Jenks,8645,1.8,2.2,1.3,0.2
Ken Forsch,1004234,0.8,2.6,1.0,0.7
Wade Miller,568,3.4,3.3,1.2,1.0
Ted Lilly,833,0.8,1.3,3.1,3.0
John Grabow,1848,0.3,0.0,0.6,0.3
Carlos Villanueva,4138,0.5,0.1,1.3,0.6
Cole Hamels,4972,3.7,3.6,5.1,4.6
Andy Hassler,1005480,2.2,1.7,0.9,0.6
Dan Schatzeder,1011527,2.1,-0.5,0.2,1.1
Pete Schourek,1011608,0.7,4.2,1.0,-0.4
Rod Scurry,1011700,0.5,1.0,-0.6,1.1
Livan Hernandez,1116,4.5,2.3,2.7,4.4
Don Nottebart,1009651,0.9,0.3,3.7,1.9
Dick Radatz,1010630,3.0,2.9,2.9,1.4
Kevin Millwood,106,4.0,0.9,4.6,4.7
Vinnie Chulk,1838,0.2,0.1,0.3,0.9
Edwin Jackson,1841,3.7,3.2,3.4,2.1
Kevin Gross,1005088,1.5,0.8,2.4,1.6
Barry Latman,1007377,1.6,1.4,1.1,0.4
Fritz Peterson,1010227,2.8,3.6,6.8,4.4
Zack Greinke,1943,8.6,4.9,3.2,4.8
Ian Snell,2227,3.4,2.2,1.1,-0.5
Ubaldo Jimenez,3374,5.3,5.9,3.3,0.9
Ricky Nolasco,3830,4.3,4.2,2.2,3.2
Lance Cormier,4346,0.1,-1.0,0.5,0.2
Paul Maholm,8678,1.8,3.2,3.7,1.8
Gabe White,360,0.4,0.2,0.2,3.0
David Cone,1680,5.3,3.3,5.0,6.5
Jose Quintana,11423,5.0,4.3,5.0,4.1
Nelson Briles,1001432,3.4,0.7,1.2,3.5
Mark Gubicza,1005115,6.2,6.3,1.6,2.1
Melido Perez,1010183,2.0,5.9,2.4,2.6
Jim Shellenback,1011859,0.2,1.4,0.2,0.1
Luis Tiant,1013054,2.5,3.7,7.4,0.5
Tony Pena,4573,0.7,1.0,0.7,0.2
Bud Black,1001007,0.3,1.1,4.3,3.6
Ron Perranoski,1010201,0.9,1.7,0.0,0.5
J.C. Romero,754,0.3,1.6,-0.5,1.0
Jorge Sosa,1228,-0.4,0.8,0.2,1.1
Blue Moon Odom,1009726,0.2,0.1,0.9,0.8
Marty Pattin,1010074,0.1,0.2,4.3,3.4
Walt Terrell,1012924,1.3,1.7,4.8,0.6
Bartolo Colon,375,4.4,3.8,4.3,3.9
Daniel Cabrera,1931,2.6,1.7,0.1,-0.3
Joe Blanton,4849,3.2,5.3,1.8,2.1
Ray Sadecki,1011360,-0.3,4.0,4.6,0.7
Lee Smith,1012175,2.4,2.1,2.7,1.8
Eric Gagne,650,1.3,3.6,4.7,3.4
Glendon Rusch,707,4.7,3.2,1.6,2.1
Kyle Lohse,739,1.0,1.6,1.5,3.0
Carlos Reyes,1721,0.4,-0.1,0.2,-0.2
Felix Hernandez,4772,5.3,6.6,6.1,5.6
Steve Ontiveros,1009826,0.1,1.7,0.7,0.1
Jose Paniagua,483,0.7,0.9,-0.3,-0.6
Oliver Perez,1514,2.7,1.6,-0.6,-1.1
Bert Blyleven,1001098,6.7,4.9,5.2,3.4
Bob Hendley,1005637,1.0,-0.9,0.4,-0.8
Orel Hershiser,1005741,4.0,5.4,3.6,5.6
Anibal Sanchez,3284,0.7,4.2,3.7,3.5
Jeremy Hellickson,4371,0.8,1.3,0.2,1.0
Chris Sale,10603,5.1,5.6,5.4,7.5
Rich Gossage,1004894,4.2,2.4,1.0,3.2
Dave Smith,1012117,1.9,1.1,-0.6,0.2
Javier Vazquez,801,4.6,6.0,2.0,3.5
C.J. Wilson,3580,0.0,0.7,-0.5,1.8
Bill Lee,1007448,0.3,5.2,3.7,3.5
Bruce Ruffin,1011294,0.7,0.9,2.2,-0.3
Tom Glavine,90,5.4,4.6,3.3,3.6
Dennis Martinez,1008161,-0.2,2.8,1.9,0.7
Ralph Terry,1012929,2.6,4.0,3.3,0.3
Scott Schoeneweis,33,0.3,1.7,2.0,0.1
Mike Koplove,63,1.0,0.4,0.5,-0.2
Larry Gura,1005150,0.7,1.1,1.8,0.0
Kevin Correia,1767,1.0,1.1,0.4,3.1
Tommy Greene,1005013,0.2,4.8,0.1,-0.3
Erik Hanson,1005333,6.6,3.5,3.1,4.9
Greg Harris,1005416,2.0,1.8,2.0,0.8
Calvin Schiraldi,1011563,0.3,2.8,-0.3,0.0
Larry Sherry,1011883,0.8,-0.2,-0.3,0.1
Blake Stein,632,0.1,0.7,0.3,0.1
Eddie Guardado,727,0.3,0.4,0.0,0.4
Burke Badenhop,9736,0.1,0.9,0.3,0.8
Pete Broberg,1001454,0.8,-0.8,-0.7,1.4
Frank Reberger,1010745,0.1,0.7,-0.1,0.4
Jason Hammel,4538,-0.2,3.5,3.2,1.1
Randy Myers,1009427,1.7,1.6,2.0,1.3
John Lackey,1507,3.1,5.3,5.3,5.0
Matt Whiteside,1956,0.3,0.2,0.9,-0.4
Homer Bailey,8362,1.3,2.4,3.9,1.7
Jimmy Key,1006885,3.4,5.6,1.6,4.6
Dale Murray,1009383,1.6,1.1,-0.9,0.3
Jason Marquis,105,1.8,0.7,-0.5,1.4
Andrew Cashner,8782,0.4,2.6,1.8,1.9
Tom Browning,1001566,3.0,3.2,1.5,0.6
Frank Viola,1013435,3.9,2.9,5.4,6.3
Greg Swindell,76,2.7,5.9,4.6,2.0
Greg Maddux,104,5.8,7.0,7.5,7.4
Logan Ondrusek,3677,0.0,-0.2,-0.8,0.1
Tom Bradley,1001316,5.9,2.6,0.8,-0.4
Greg Cadaret,1001810,-0.3,1.2,1.2,0.8
Ross Detwiler,2859,0.3,1.5,1.0,-0.2
Dave Bush,4635,1.2,3.8,2.2,1.3
John Maine,4773,0.9,3.2,1.7,0.8
Ken McBride,1008344,4.1,1.8,2.5,-1.1
Paul Moskau,1009245,0.7,2.1,-0.4,-0.4
Bob Sadowski,1011363,1.7,0.2,1.2,0.2
Jarrod Washburn,40,0.3,2.5,4.2,1.6
LaTroy Hawkins,729,1.6,1.4,1.1,-0.1
Brian Meadows,998,-0.1,0.7,0.8,0.8
Clayton Kershaw,2036,7.3,8.0,8.7,6.4
Bryan Harvey,1005469,2.3,0.5,1.4,3.0
Mike Hampton,430,2.3,4.9,4.6,1.9
Billy Koch,924,1.8,0.2,1.3,-0.3
Trevor Cahill,6249,0.7,0.6,0.1,-0.1
Jeanmar Gomez,9033,0.2,-0.5,0.9,0.5
Tim Leary,1007438,0.5,0.5,2.5,0.1
Armando Benitez,865,0.4,3.1,1.5,0.3
Steve Trachsel,898,1.6,1.7,1.8,2.5
David Hernandez,4259,0.8,1.1,2.0,-0.3
Ian Kennedy,6986,1.6,4.4,2.3,0.4
Dick Stigman,1012534,0.5,1.5,3.3,1.5
Pat Zachry,1014407,1.2,1.4,0.2,0.9
Wayne Granger,1004945,0.8,0.4,0.1,0.0
Matt Young,1014385,1.3,3.5,1.7,1.1
Barry Zito,944,4.4,3.1,3.0,2.2
Mike Timlin,1187,1.5,0.7,0.2,0.2
Ryan Madson,1852,0.9,0.4,1.2,1.2
Juan Oviedo,2886,0.4,0.7,-0.8,1.4
Greg Holland,7196,1.8,2.3,3.1,2.3
Jim Beattie,1000731,1.0,1.7,4.2,4.5
Pedro Borbon,1001195,0.7,1.2,0.6,0.8
Ted Bowsfield,1001273,0.8,2.1,1.5,0.4
Jeff Brantley,1001358,-0.1,1.4,-0.2,0.3
Mark Eichhorn,1003712,4.9,0.8,0.0,0.5
Jack McDowell,1008473,5.2,4.8,5.2,4.9
Bill Monbouquette,1009048,5.2,5.4,3.0,2.8
Dave Stieb,1012532,5.1,5.6,4.5,0.8
Steve Arlin,1000303,3.4,1.2,-0.2,0.4
Dick Ruthven,1011330,3.9,2.1,3.4,1.6
Trevor Hoffman,1035,0.4,1.6,0.1,2.9
Wilson Alvarez,1193,1.5,4.2,3.8,1.3
Matt Andriese,12022,0.4,1.9,0.5,0.0
Jim Acker,1000030,0.6,-0.1,1.5,0.2
Gene Garber,1004493,1.0,-0.1,0.4,1.8
Bruce Hurst,1006222,2.6,1.8,3.3,4.2
Tippy Martinez,1008200,-0.4,0.4,0.3,0.5
Jason Christiansen,1111,0.1,-0.2,0.4,1.7
Scott Feldman,6283,0.6,2.9,1.2,0.2
Mychal Givens,10430,0.9,1.2,1.1,1.8
Dave Righetti,1010958,2.6,2.7,3.0,1.2
Bob Stanley,1012409,2.5,0.3,2.0,2.3
Odalis Perez,668,4.9,2.2,2.9,1.6
Dennis Leonard,1007531,3.8,7.9,4.7,2.5
Paul Mitchell,1009009,0.1,1.5,-0.2,0.8
Jeff Robinson,1011073,1.7,1.6,-0.2,-0.8
Dave Stevens,1012508,-0.9,-0.6,-0.5,-0.1
Ray Burris,1001729,2.8,2.1,1.8,0.1
Mike Moore,1009122,5.9,3.7,3.1,4.6
Tim Pugh,1010560,0.7,1.3,0.1,0.0
Brett Tomko,1056,3.6,1.4,0.5,-0.5
Jack Billingham,1000970,0.3,-0.2,3.7,4.1
Bill Campbell,1001874,2.2,0.7,1.7,1.7
Joaquin Benoit,1437,-0.1,1.0,1.5,1.2
Hong-Chih Kuo,7016,0.4,2.2,0.4,2.3
Eric King,1006929,1.0,2.2,2.6,0.3
Ramon Martinez,1008193,1.9,1.9,2.2,2.0
Dennis Rasmussen,1010703,1.7,1.2,1.8,1.1
Doug Sisk,1012017,-0.3,-0.8,-0.5,0.3
Bob Welch,1013750,3.3,3.7,2.8,2.1
Bob Wickman,413,1.6,0.8,0.6,1.1
Jim Abbott,1000012,2.3,1.3,3.5,0.0
Norm Charlton,1002160,0.6,1.4,2.4,1.9
Mark Clark,1002296,0.5,1.6,1.8,3.7
Dave Lemanczyk,1007511,0.5,3.4,0.2,2.1
Jay Tibbs,1013055,0.6,0.8,0.9,0.2
Josh Beckett,510,4.2,1.0,5.7,4.3
Arthur Rhodes,1097,0.2,1.0,1.9,1.0
Steve Kline,1164,0.8,0.6,1.1,1.2
Ismael Valdez,1283,2.2,0.4,2.0,2.4
Rick Krivda,1007168,1.2,0.3,0.5,-0.8
Mark Langston,1007323,4.1,6.4,4.0,4.8
Hector Santiago,4026,1.3,0.5,0.6,0.7
Gene Nelson,1009501,1.4,1.8,0.5,1.0
Carlos Marmol,2790,1.4,0.8,2.7,0.6
Dennis Bennett,1000838,1.5,0.9,-0.2,0.0
Darold Knowles,1007058,0.6,0.9,0.2,0.8
Joe Price,1010530,0.4,2.0,1.8,0.3
Chris Short,1011931,3.4,5.6,6.5,3.3
Bobby Witt,1014170,2.5,5.0,0.9,1.3
Zach Day,1496,1.4,1.2,-0.2,0.0
Stan Belinda,1000792,-0.3,1.0,0.0,1.2
Andy Hawkins,1005514,2.0,1.3,0.3,1.5
Roger Pavlik,1010087,1.9,0.0,3.2,2.4
Ed Halicki,1005228,3.3,3.3,3.3,0.9
Dave McNally,1008655,4.5,4.7,4.9,1.8
Brad Penny,535,3.1,3.0,3.5,3.6
Sterling Hitchcock,824,2.7,0.7,1.5,3.0
Darryl Kile,1163,0.8,1.7,3.7,4.0
Ken Holtzman,1005989,3.6,2.7,5.0,5.5
Rick Sutcliffe,1012734,-0.3,3.5,3.0,6.0
Todd Stottlemyre,75,2.7,2.6,1.4,3.0
Mike Mussina,837,3.4,5.1,5.3,5.4
Rod Beck,1730,-0.3,0.0,0.4,1.1
David Robertson,8241,0.8,2.3,1.5,1.3
Ron Schueler,1011622,1.8,1.5,0.9,0.4
Shawn Estes,873,1.8,2.4,3.0,2.1
Tim Lincecum,5705,7.5,4.3,3.5,0.9
Tony Sipp,8280,0.3,-0.6,0.2,0.0
Joe Gibbon,1004658,1.3,4.2,0.5,2.5
Curt Young,1014368,-1.2,2.8,1.5,0.0
Charles Nagy,397,7.0,0.6,3.5,3.2
Tim Crabtree,1002715,0.3,1.4,-0.3,1.2
Danny Frisella,1004365,1.3,0.0,-0.2,-0.2
Chuck Hartenstein,1005442,0.1,-0.1,-0.3,-0.6
Randy Jones,1006582,4.3,4.6,1.5,4.1
Ryan Drese,379,0.6,1.4,-0.1,3.4
Hector Rondon,2391,-0.2,1.7,1.6,0.6
Jake Arrieta,4153,-0.1,1.6,0.2,5.3
Matt Barnes,12863,-0.4,0.5,0.9,1.2
Dick Ellsworth,1003754,3.0,4.0,1.1,3.3
Tracy Stallard,1012392,-0.3,1.6,0.9,-0.5
Jesse Orosco,667,1.3,2.2,1.0,0.9
Francisco Rodriguez,1642,1.9,1.5,0.7,1.5
Dock Ellis,1003747,3.4,3.7,3.9,4.4
Mike Flanagan,1004133,4.4,4.5,6.0,2.9
Rick Honeycutt,1005992,2.2,2.5,1.5,0.9
Mitch Williams,1014025,0.0,0.0,-0.7,0.3
Brandon Webb,1692,2.6,4.8,6.5,6.2
Danny Duffy,3542,2.1,1.2,2.9,3.7
Justin Grimm,11720,0.7,0.6,0.5,-0.4
Tim Belcher,1000789,0.8,4.1,3.3,1.5
Steve Carlton,1001964,3.6,3.1,11.1,4.5
Jim Kaat,1006660,4.7,4.3,6.4,6.4
Eric Plunk,1010400,0.0,0.2,-0.1,0.3
Bill Singer,1012007,6.1,2.0,2.0,2.3
Ray Washburn,1013652,1.5,0.3,1.3,2.3
Jorge Julio,148,0.0,-0.3,0.4,0.0
Shawn Chacon,424,2.2,-1.1,1.5,-1.1
Braden Looper,526,0.1,0.1,0.5,1.2
Juan Nicasio,7731,0.9,2.1,-0.3,0.8
Joaquin Andujar,1000266,0.6,1.3,1.1,0.6
Andy Messersmith,1008799,3.5,3.5,3.2,5.6
Dwight Gooden,1004852,6.8,4.0,3.5,3.7
Matt Clement,271,1.6,1.8,4.7,2.9
Kyle Farnsworth,278,2.0,-0.4,1.2,0.3
Randy Wolf,976,3.9,2.5,1.7,0.7
Derek Holland,4141,1.5,4.5,1.3,-0.1
Gio Gonzalez,7448,3.3,5.0,3.2,3.2
Bill Dawley,1003090,0.1,0.0,-0.4,0.8
Dallas Green,1004989,0.5,1.3,1.1,0.7
Mark Davis,1003067,1.6,0.8,2.8,2.2
Joe Horlen,1006025,0.7,4.5,4.0,3.1
Jim McAndrew,1008328,1.7,3.2,0.0,2.1
Paul Byrd,594,-0.3,-0.1,0.8,0.5
Jon Lester,4930,5.4,5.0,2.6,2.4
Stan Bahnsen,1000414,2.3,2.2,3.2,3.3
Denny Lemaster,1007512,1.9,1.8,2.0,2.3
Steve Trout,1013197,2.4,3.4,1.3,2.0
Danys Baez,367,0.8,0.5,0.4,0.9
Max Scherzer,3137,4.0,2.3,4.5,5.9
Cody Allen,12183,1.2,2.6,1.0,1.4
Bo Belinsky,1000791,1.8,0.0,2.2,0.0
Doug Bird,1000976,1.6,2.8,1.4,0.8
Keith Foulke,231,0.4,2.9,2.5,2.6
Mariano Rivera,844,0.3,4.3,2.0,1.2
Jonathan Papelbon,5975,3.1,2.1,2.8,1.9
Adam Conley,14457,1.1,1.5,-0.1,0.4
Mudcat Grant,1004952,1.6,0.0,1.6,1.7
Cecilio Guante,1005113,1.5,-0.2,0.1,0.1
Rick Langford,1007319,3.5,2.1,3.1,3.4
Mark Buehrle,225,4.5,5.9,1.7,3.3
Jose Rijo,349,4.5,6.1,5.1,7.1
Joe Smith,3281,0.2,-0.2,1.3,0.8
Ray Fontenot,1004207,1.8,2.9,0.5,-0.1
Barry Jones,1006526,-0.1,0.2,1.0,-0.3
Lew Krausse,1007146,1.0,-0.3,1.4,0.4
Justin Wilson,4301,0.5,0.1,1.5,1.1
Scott Garrelts,1004546,1.8,1.3,3.8,1.1
Dan McGinn,1008523,0.9,0.3,-0.3,0.2
Johan Santana,755,6.8,7.1,6.7,4.0
Johnny Cueto,6893,3.0,4.3,0.7,4.5
Ross Grimsley,1005071,0.9,1.1,0.7,2.7
Ed Lynch,1007862,0.6,1.3,0.7,0.2
Adam Eaton,1029,2.5,2.4,1.7,0.4
Garrett Richards,9784,1.7,4.2,2.8,0.8
Steve Blass,1001058,0.4,2.6,1.6,3.0
George Culver,1002870,0.4,0.7,0.5,0.3
Jerry Johnson,1006464,0.3,0.1,0.3,0.3
Tommie Sisk,1012018,2.3,0.4,0.4,-0.2
Tom Gordon,282,2.5,2.2,3.5,2.8
Rich Bordi,1001199,0.2,1.9,0.6,-0.2
Steve McCatty,1008383,1.6,0.2,2.7,0.2
Mike Venafro,943,0.9,1.0,0.4,-0.3
Fergie Jenkins,1006388,6.3,8.2,9.5,9.6
Don Sutton,1012745,1.9,7.1,6.8,6.0
Juan Rincon,752,2.4,2.2,1.4,-0.4
Jose Mesa,961,0.8,0.9,2.9,1.7
Manny Aybar,1107,0.4,0.9,0.4,-0.2
Matt Garza,3340,2.8,2.1,4.7,0.9
Bobby Bolin,1001146,1.4,1.6,1.9,-0.6
Galen Cisco,1002246,0.5,0.3,0.2,1.0
Don Robinson,1011061,1.0,0.0,2.0,0.8
CC Sabathia,404,5.0,6.4,7.4,5.8
Patrick Corbin,9323,1.7,0.7,3.0,5.9
Joe Sambito,1011392,1.2,1.8,1.4,2.2
Eddie Watt,1013684,2.0,1.3,1.2,0.8
Hipolito Pichardo,1472,0.6,0.9,-0.2,1.3
Gary Lucas,1007805,2.1,1.1,1.4,0.2
Anthony Swarzak,7466,0.7,-0.2,1.0,0.6
Addison Reed,10586,-0.2,1.0,2.4,0.9
Ron Darling,1002989,3.5,2.0,2.6,2.7
Dan Wheeler,120,0.2,0.3,1.1,1.7
Terry Mulholland,665,0.6,1.4,2.4,4.6
Brian Lawrence,1045,1.9,3.9,1.8,1.8
Dan Haren,1757,3.8,4.7,6.1,5.3
Marc Rzepczynski,6612,0.7,-0.6,0.2,0.6
Tony Cloninger,1002359,1.5,-0.2,0.4,0.1
Tommy John,1006515,2.9,3.8,4.4,4.5
Milt Pappas,1009989,4.8,3.0,3.7,3.8
Brad Radke,748,4.2,3.7,4.2,4.5
Esteban Loaiza,1310,2.9,1.0,2.5,2.9
John Wasdin,1768,0.3,0.1,0.6,0.4
Phil Hughes,7450,0.5,1.9,1.0,6.4
Dave Giusti,1004748,1.0,2.0,2.7,3.8
Jerry Reuss,1010853,2.5,4.6,2.9,3.9
Pedro Astacio,862,1.0,2.6,3.0,1.6
Jeff Nelson,1092,-0.5,0.4,0.4,2.2
Mike Bielecki,1000951,-0.3,1.0,0.5,0.4
Shawn Boskie,1001213,-0.8,0.0,0.2,1.3
Casey Fossum,188,1.2,0.1,1.5,0.4
Jeff Weaver,503,4.1,2.2,4.3,2.4
Chris Tillman,5279,2.0,2.3,2.0,2.5
Andy Sonnanstine,7667,3.8,0.0,-0.1,-0.8
Eric Rasmussen,1010704,2.5,1.2,1.6,0.3
Russ Ortiz,1124,1.7,1.1,4.4,2.9
Jon Rauch,1475,0.9,0.3,0.5,1.7
Joe Saunders,4366,1.0,1.4,2.2,1.0
Bob McClure,1008400,1.4,-0.5,-0.1,0.6
Don Stanhouse,1012401,1.4,0.6,0.6,-0.4
Jeff D'Amico,871,-0.1,1.5,2.1,0.1
Andy Ashby,637,0.1,3.2,3.3,1.8
Wade LeBlanc,5221,0.3,0.9,0.6,0.1
John Burkett,179,2.5,2.3,2.8,4.5
Brian Bannister,5718,0.2,2.3,0.9,2.2
Gerry Arrigo,1000326,0.0,0.4,2.5,-0.5
Tom Burgmeier,1001668,-0.1,0.5,0.6,-0.2
Ed Figueroa,1004037,1.5,4.2,3.1,3.3
Mike Krukow,1007185,2.7,1.7,2.3,2.9
Juan Marichal,1008106,6.7,6.4,6.8,6.3
John Montefusco,1009065,6.0,5.2,3.1,2.9
Tom Niedenfuer,1009578,2.8,-0.7,-0.5,-0.1
John Stuper,1012652,0.9,1.3,0.3,0.4
Paul Assenmacher,1000344,0.8,-0.2,1.1,1.6
Scott McGregor,1008546,2.8,4.9,2.4,1.9
Josh Collmenter,7312,2.1,0.7,0.9,1.5
Ross Ohlendorf,8268,-0.1,1.6,1.0,-0.4
Mike Leake,10130,2.3,2.4,1.6,2.4
Bob James,1006345,0.8,3.6,-0.4,-0.4
Mike Trombley,758,0.6,0.7,-0.4,0.4
Mike Maroth,1508,0.4,2.6,2.0,-0.1
Madison Bumgarner,5524,5.0,4.3,1.6,1.4
John Doherty,1003358,1.9,2.2,0.9,0.7
Heathcliff Slocumb,1012069,0.1,-0.2,0.0,1.6
Dave Tomlin,1013110,-0.3,0.3,0.4,1.2
Zach Duke,3840,2.7,2.9,0.2,0.6
Clay Hensley,4593,0.7,2.5,0.0,0.0
Stephen Strasburg,10131,4.5,3.4,3.9,5.8
Jack Aker,1000097,1.2,0.0,-0.7,-0.2
Scott Lewis,1007588,0.3,0.2,0.1,-0.2
Chuck McElroy,1008477,0.0,1.2,0.0,0.6
Jeff Robinson,1011072,1.4,1.0,1.4,0.6
Chuck Crim,1002768,0.6,0.2,0.8,0.3
John D'Acquisto,1002919,-0.1,1.7,-1.0,0.4
Randy O'Neal,1009802,0.9,0.0,0.0,0.1
Jimmy Haynes,329,1.7,1.0,1.4,1.7
Roger Clemens,815,9.2,5.1,8.2,8.5
Ricky Bottalico,948,0.9,1.3,0.8,-0.6
James Baldwin,1064,2.9,1.8,1.3,1.4
Jim Barr,1000606,2.5,3.3,2.7,3.6
Eddie Fisher,1004085,2.2,1.0,0.4,0.5
Steve Hargan,1005356,0.4,0.7,1.8,-0.9
Carl Pavano,790,0.4,0.8,3.3,4.5
Dillon Gee,7396,0.3,1.6,2.1,0.4
Phil Ortega,1009855,-1.9,1.0,2.8,-0.9
Fernando Valenzuela,1013327,6.2,2.3,-0.2,1.6
Steve Avery,1706,2.5,2.4,-0.1,0.3
Rick Porcello,2717,3.0,1.7,5.1,1.9
Paul Lindblad,1007614,0.3,0.2,0.2,-0.1
Tom Murphy,1009376,0.6,0.8,1.5,0.3
Rocky Biddle,223,1.2,0.0,-0.7,-0.6
Joey Hamilton,328,3.4,1.4,2.4,1.0
Hector Carrasco,1240,1.0,0.1,0.5,0.5
Russ Springer,1652,0.1,-0.3,0.9,0.9
Lance Lynn,2520,2.6,3.3,3.6,3.0
Doug Fister,9425,0.3,3.4,5.4,3.5
Don Hood,1005994,0.2,-0.3,1.5,0.7
Brandon Duckworth,954,1.3,1.7,0.5,-0.5
Felipe Paulino,3777,0.1,1.6,2.4,0.9
Gonzalez Germen,5876,0.6,-0.5,-0.1,-0.2
Dave Hamilton,1005271,0.3,1.0,1.3,0.3
Jim Perry,1010213,1.0,1.9,1.5,0.6
Pete Richert,1010922,2.8,2.4,2.5,0.1
Bill Simas,1011977,-0.2,0.0,0.4,0.6
Mario Soto,1012289,7.4,4.5,2.5,3.1
Carlos Zambrano,305,3.9,2.8,2.8,3.8
Kelvin Herrera,6033,0.6,2.1,0.2,0.4
Dick Kelley,1006769,0.0,1.3,0.7,0.9
Al Nipper,1009602,1.7,1.1,0.9,0.5
Tony Armas Jr.,761,0.5,-0.1,-0.4,0.9
Roy Halladay,1303,6.8,7.0,2.8,3.8
Aaron Harang,1451,1.0,1.8,4.6,5.7
Mike Mason,1008221,2.6,1.1,2.2,-0.3
Scott Erickson,137,3.3,2.2,3.4,3.6
Jeff Reardon,1010741,0.4,1.7,0.7,1.0
Joel Hanrahan,2186,-0.2,0.7,1.1,1.3
Tommy Milone,7608,3.1,1.2,0.5,1.7
Bud Norris,9492,1.6,2.0,1.7,2.7
Bob Knepper,1007031,0.1,1.9,2.7,1.6
Denny McLain,1008603,7.0,0.0,0.1,-1.0
Chris Hammond,92,1.2,1.2,2.2,1.2
Brett Myers,962,3.5,1.2,1.8,-0.5
Gary Bell,1000806,0.2,0.6,-0.4,0.7
Francisco Cordova,1002623,3.2,3.4,2.4,1.2
Skip Lockwood,1007696,1.7,2.0,-0.2,0.8
Bill Stoneman,1012560,1.2,1.5,4.6,4.1
John Patterson,71,0.3,0.8,4.3,1.0
Paul Shuey,406,0.5,0.1,0.5,1.8
Brian Moehler,480,2.1,3.1,3.4,3.3
Chris Archer,6345,3.0,5.1,3.0,4.5
Kyle Gibson,10123,-0.1,2.8,2.8,1.3
Ken Hill,1005827,2.1,3.2,2.6,2.3
Kevin Brown,642,2.4,1.5,6.3,4.4
Jered Weaver,4235,3.2,3.8,5.8,5.4
Jeff Karstens,5879,0.5,0.5,0.3,1.1
Justin Verlander,8700,3.2,8.5,6.6,6.5
Kirk McCaskill,1008382,5.6,0.3,2.6,3.2
Juan Pizarro,1010382,3.9,4.7,3.9,0.9
Doug Rau,1010717,2.3,4.8,1.9,4.3
Mike Schooler,1011605,1.0,2.7,0.8,0.7
Dan Plesac,1319,2.3,1.9,0.9,0.9
Sean Burnett,1886,-0.4,-0.1,1.1,-0.6
Brad Hennessey,3720,0.3,-0.2,0.1,-0.2
Ernie Broglio,1001463,2.5,3.2,2.6,1.1
Vicente Padilla,964,2.7,1.3,0.6,3.2
Rafael Perez,4078,1.3,1.2,-0.1,0.4
Jake Odorizzi,6397,2.9,1.9,0.1,2.7
Rob Dibble,1003269,3.7,4.3,3.4,2.5
Pete Harnisch,1005374,2.5,3.2,0.3,1.7
Cal Koonce,1007101,0.4,1.1,0.2,-0.6
Barry Lersch,1007555,1.0,1.5,0.6,0.6
Claude Raymond,1010732,0.2,-1.4,0.8,2.0
Frank Tanana,1012818,1.3,3.5,1.2,2.6
Matt Morris,1172,0.9,6.1,4.2,2.8
Joe Kennedy,1217,2.8,1.0,0.8,0.4
Aaron Cook,1571,1.2,1.0,3.6,2.1
Clayton Richard,3551,1.5,2.2,0.6,0.3
John Buzhardt,1001788,1.1,1.9,2.6,2.6
Bobby Castillo,1002057,0.5,-0.2,1.8,1.4
Fred Scherman,1011554,0.9,-0.6,-0.2,-0.3
Mike Fetters,988,-0.1,-0.1,0.5,0.1
Charlie Furbush,1370,-0.2,0.9,1.1,0.6
Zack Godley,14862,0.2,0.0,3.4,2.5
Jack Baldschun,1000475,1.1,0.6,0.8,1.0
Brad Lincoln,4241,-0.3,0.5,0.6,-0.4
Bob Moose,1009134,3.1,0.3,0.5,0.3
Jake Peavy,1051,4.4,6.7,3.7,2.7
Floyd Bannister,1000516,4.2,1.8,4.9,5.0
Oil Can Boyd,1001279,4.6,2.4,0.1,-0.3
Steve Comer,1002482,1.8,-0.3,0.5,-0.6
Jose DeLeon,1003168,0.8,2.4,4.6,4.6
Rollie Fingers,1004051,1.5,2.4,3.3,2.2
Dave Goltz,1004818,2.4,4.0,3.3,6.0
Steve Rogers,1011138,4.2,4.8,7.0,3.7
Pete Vuckovich,1013461,4.3,3.0,2.5,2.0
Jon Garland,232,3.5,3.6,3.5,1.3
Chris Codiroli,1002388,1.9,-0.4,2.5,-0.1
Scott Karl,1006703,2.4,1.8,1.8,0.0
Art Mahaffey,1007979,0.5,-0.7,-0.4,-0.7
Jaime Navarro,1009465,4.0,2.4,1.0,3.3
John Wetteland,1013815,1.3,3.4,1.4,1.7
Pat Hentgen,145,3.5,2.5,6.0,3.8
Michael Pineda,5372,2.1,3.6,3.2,1.1
Brad Hand,9111,0.3,1.6,1.6,1.2
Doug Drabek,1003473,2.4,2.5,4.2,3.9
Chuck Finley,384,2.4,3.8,4.8,2.9
Mark Clear,1002330,-0.5,0.8,-0.6,0.0
Jack Fisher,1004090,1.5,2.4,2.0,1.4
Sandy Koufax,1007124,6.3,5.7,9.2,6.1
Mickey Lolich,1007712,2.2,4.6,3.2,6.0
Chien-Ming Wang,2074,1.4,3.8,3.7,1.5
John Curtis,1002905,2.2,1.4,0.2,-0.3
David Aardsma,1902,0.2,-0.1,2.1,0.3
Bryan Shaw,8110,1.0,0.5,0.2,0.4
Dave LaPoint,1007338,2.4,-0.1,1.1,3.2
Randy Lerch,1007551,0.5,1.0,0.3,-0.3
Jason Johnson,147,1.0,-0.2,1.1,1.7
Bill Caudill,1002088,3.2,0.2,2.0,-0.3
Mike Harkey,1005363,0.2,1.5,0.5,0.0
Chuck Rainey,1010654,0.8,0.3,0.7,1.8
Tim Hudson,921,5.1,4.7,5.8,4.6
Bobby Ayala,1000384,0.8,0.6,0.5,0.8
Mark Portugal,1010460,-0.7,1.6,1.7,0.9
Dave Roberts,1011031,2.6,5.4,1.8,4.2
Cliff Lee,1636,1.1,3.8,2.3,0.1
Kerry Wood,304,3.6,4.2,2.9,0.5
Roy Oswalt,571,2.6,6.5,6.1,6.1
John Riedling,1515,0.5,0.1,1.1,-0.5
Pete Smith,1012191,0.2,1.3,0.0,-0.3
Jorge De La Rosa,2047,-0.3,0.4,2.4,3.3
Mike Boddicker,1001111,3.8,3.6,3.8,2.9
Pat Dobson,1003345,-0.5,0.6,1.0,3.2
Tug McGraw,1008545,0.7,2.0,1.6,-0.1
Nolan Ryan,1011348,5.4,8.7,6.8,2.4
Bob Howry,237,0.8,1.2,0.3,0.4
Willie Blair,1001033,-0.2,0.5,1.0,0.2
Dave Heaverlo,1005569,1.0,0.4,0.8,-0.1
Tom Hume,1006179,2.2,2.6,1.4,-1.0
Rick Helling,58,0.4,0.3,3.5,1.3
Brandon League,3731,0.1,0.8,0.4,1.4
Neil Allen,1000154,0.9,0.3,-0.4,1.8
Mike Caldwell,1001830,1.5,0.5,1.4,1.1
Bruce Kison,1006978,1.7,3.2,2.0,1.5
Sam McDowell,1008476,6.8,9.4,7.6,1.4
Luke Walker,1013525,1.9,2.7,2.1,1.2
Clyde Wright,1014272,0.2,0.6,0.0,0.3
Anthony Young,1014362,0.4,1.2,0.8,1.1
Raisel Iglesias,17130,1.7,1.5,1.9,0.4
Scott Bailes,1000430,0.2,-0.2,1.2,-0.9
Ken Kravec,1007147,3.4,1.7,2.8,-0.6
Bret Saberhagen,1011355,7.5,2.9,4.4,2.0
Zane Smith,1012218,3.3,3.7,1.6,2.2
Gary Waslewski,1013661,0.3,0.6,0.5,0.2
James Shields,7059,4.0,4.1,3.4,2.1
Mike LaCoss,1007240,-0.1,0.2,0.1,1.8
Frank Linzy,1007643,0.8,0.1,0.3,0.8
Steve Renko,1010835,1.4,1.0,-0.4,2.7
Ron Robinson,1011076,2.5,0.9,0.6,3.1
Scott Sanderson,1011422,2.9,0.6,3.6,2.2
Kelvim Escobar,1298,2.7,0.5,3.4,4.2
Adam Morgan,12580,0.5,0.6,0.4,0.4
Glen Hobbie,1005868,2.0,1.3,1.4,0.2
Mike Paul,1010082,0.6,0.5,3.3,0.2
Jose Santiago,972,0.7,1.2,-0.3,0.1
Micah Owings,4253,1.0,-0.2,-0.1,-0.1
Sean Bergman,1000881,1.1,1.1,0.5,1.5
Kevin Foster,1004251,1.5,0.7,0.0,0.3
Jack Morris,1009211,3.7,2.7,2.2,6.2
Dickie Noles,1009620,2.1,1.7,0.0,1.0
Elias Sosa,1012284,-0.1,1.1,0.6,1.3
Jeff Dedmon,1003132,-0.3,0.3,0.1,-0.3
Pete Falcone,1003910,0.8,1.0,1.2,-0.5
Al McBean,1008337,1.5,0.7,0.5,0.1
Tomo Ohka,788,1.2,3.2,3.0,1.1
Ricky Bones,1001161,2.3,1.1,-0.4,0.3
Lynn McGlothen,1008534,2.0,2.7,-0.3,0.6
Sid Monge,1009053,0.1,-0.7,0.5,2.1
Jose Mijares,4140,0.3,-0.4,0.8,0.4
Drew Storen,6983,0.2,1.0,1.2,0.1
Jonathan Sanchez,7507,2.7,1.8,2.1,0.3
Darren Oliver,206,2.3,1.0,1.4,3.3
Ray Culp,1002869,0.4,3.8,4.1,5.3
Chris Perez,5213,0.5,1.1,-0.8,-0.6
Scott Baker,6176,2.7,3.3,3.4,2.5
Pedro Martinez,200,8.5,5.7,11.6,9.4
Esteban Yan,1236,1.3,1.2,0.0,-0.5
Joe Kelly,9761,0.5,0.3,1.2,0.4
Jim Duffalo,1003525,-0.4,0.2,0.7,-0.2
Rudy May,1008310,3.0,3.5,2.6,1.5
Horacio Ramirez,110,0.4,0.9,0.0,0.4
Rheal Cormier,952,3.0,1.2,0.4,1.7
Justin Masterson,2038,2.7,5.1,2.8,3.7
Antonio Bastardo,8844,1.0,0.8,0.6,0.9
Jim Hardin,1005344,0.5,2.6,0.1,-0.1
B.J. Ryan,168,0.3,0.1,1.6,3.3
Drew Pomeranz,11426,0.7,1.4,3.0,2.9
Dave Frost,1004376,0.8,3.8,0.7,0.3
Eddie Solomon,1012268,0.0,1.0,0.1,2.7
Bobby Thigpen,1012958,-1.1,1.6,-1.2,0.1
Chris Bosio,1001212,3.0,5.5,1.4,3.3
Dick Bosman,1001215,4.2,4.1,1.0,2.6
Don Kirkwood,1006972,1.0,1.2,0.0,0.5
Duane Ward,1013609,2.7,2.1,4.1,2.4
Don Wilson,1014071,2.1,5.0,4.4,2.4
Julio Mateo,1087,0.5,-0.4,0.3,0.1
Claudio Vargas,1695,0.8,-1.1,0.6,1.9
Boone Logan,5525,0.3,0.5,0.4,0.1
Tyson Ross,7872,0.3,1.9,2.6,4.0
Bill Bonham,1001165,5.4,3.7,2.3,4.1
Mike Garman,1004539,-0.1,-0.3,-0.2,-1.1
Horacio Pina,1010354,0.1,0.1,0.0,-0.6
Pat Rapp,1010700,1.2,0.6,2.2,1.1
Tom Underwood,1013281,2.7,2.7,1.3,1.3
Darren Dreifort,647,0.8,4.2,2.5,1.6
Nate Robertson,1620,0.3,2.0,1.4,2.2
Travis Wood,9884,0.4,3.0,1.4,1.2
Aroldis Chapman,10233,1.8,2.8,2.5,2.7
Salome Barojas,1000584,0.4,1.0,0.2,-0.1
Moose Haas,1005172,1.9,3.6,2.9,3.1
Robinson Tejeda,2575,-0.1,0.4,1.2,0.9
David Price,3184,4.8,4.3,3.9,5.6
Luke Hochevar,6943,0.9,1.7,2.2,1.4
Joe Coleman,1002428,3.9,4.4,1.5,1.2
John Denny,1003210,2.7,-0.2,1.9,2.2
Renie Martin,1008194,0.2,0.0,-1.0,-0.9
Felix Rodriguez,1127,-0.2,0.5,1.7,2.1
Randy Johnson,60,1.6,2.0,2.6,3.4
Robb Nen,1123,1.0,2.8,0.6,3.6
Edward Mujica,3970,0.5,0.0,0.8,0.4
Bobby Parnell,9926,0.8,0.7,0.9,1.6
Sid Fernandez,1004001,3.3,3.2,3.2,0.8
Omar Olivares,1009771,-0.1,-0.5,0.0,2.0
Tyler Clippard,5640,1.2,1.5,1.2,0.4
John Lannan,7080,0.7,0.8,0.4,0.5
Len Barker,1000546,4.6,5.8,3.0,2.3
Steve Bedrosian,1000766,1.4,1.8,1.7,0.3
Roric Harrison,1005430,1.1,1.9,1.1,1.7
Lee Stange,1012400,0.5,1.9,1.6,1.8
Aaron Sele,34,0.4,3.3,0.8,4.7
Brandon Morrow,9346,3.2,2.9,2.5,-0.2
Kevin Tapani,1012824,0.6,3.5,4.6,4.5
Ervin Santana,3200,5.3,0.8,2.1,2.5
Jeff Lahti,1007257,0.0,0.2,-0.2,0.7
Tom Urbani,1013299,0.7,0.2,0.6,-0.5
Omar Daal,646,0.2,3.5,3.7,0.7
Clay Buchholz,3543,3.1,0.7,0.8,2.7
Ron Reed,1010773,2.6,3.9,1.5,2.9
Albie Lopez,102,0.0,0.8,0.2,1.9
Kip Wells,1012,2.3,2.1,1.9,0.4
Victor Zambrano,1237,0.7,-0.4,0.9,0.9
Luis Leal,1007431,3.4,2.7,2.3,-0.2
Jim O'Toole,1009897,4.6,4.8,5.9,0.9
