Name,playerid,3yWAR,2yWAR,1yWAR,futureWAR
Andrew Miller,6785,2,2.3,0.3,3
Jonathan Broxton,4759,0.2,0.7,-0.3,0.1
Chris Young,3196,0.9,0.1,1.2,-1.2
Francisco Liriano,3201,3.7,1.8,3.3,0.6
Jason Vargas,8044,0.4,2.2,1.4,1.7
Ubaldo Jimenez,3374,2.7,0.4,3.4,1.7
Ricky Nolasco,3830,0.7,1,3.2,2.6
Ryan Vogelsong,1011,0.1,1.4,-0.5,0.2
Ryan Madson,1852,0.9,1.7,1.2,0.3
Tim Lincecum,5705,0.3,0.1,1.8,-0.7
Joe Smith,3281,0.9,1,0.5,-0.3
Phil Hughes,7450,1.1,5.9,1.2,0.3
Santiago Casilla,2873,0.2,0.5,0,0.3
Brandon Morrow,9346,0.5,0.3,-0.1,1.7
Matt Belisle,1837,0.1,0.3,1.2,0.7
Edinson Volquez,3990,2.5,0.9,0.9,1.4
Carlos Villanueva,4138,0.2,1.2,1,-0.6
Cole Hamels,4972,4.2,4.3,4.5,3.2
Edwin Jackson,1841,0,0.5,2,-0.2
Joe Blanton,4849,1.1,-0.5,2.4,0.9
Anibal Sanchez,3284,1,3.2,6,0.8
Jason Grilli,521,1.2,0.4,1.6,0.1
Jason Hammel,4538,2.4,1.7,0.6,1.4
Scott Feldman,6283,0.9,1.4,2,0.3
J.P. Howell,8245,0.3,0.4,0.8,0.3
Jon Lester,4930,5,5.6,3.5,4.3
R.A. Dickey,1245,2,1.7,1.7,0.9
Matt Garza,3340,0.5,2.7,2,1.3
Zach Duke,3840,-0.4,1.4,0,1.2
Scott Kazmir,4897,2.3,3.1,2.7,1.2
Jered Weaver,4235,0.8,1.5,2.3,0
Justin Verlander,8700,2.9,2.9,4.9,5.2
Jorge De La Rosa,2047,1.7,1.6,2.6,0.4
James Shields,7059,1,3.2,4,-1.1
Matt Cain,4732,-0.4,-0.1,1.5,0
Zack Greinke,1943,5.8,4.3,3.4,2.2
Felix Hernandez,4772,2.9,6.1,5.7,1
Jonathan Papelbon,5975,0.4,1.9,1.1,0.4
Fernando Rodney,494,-0.7,1.2,1.3,0.4
Ervin Santana,3200,1.4,2.9,2.5,3.3
Chad Qualls,2170,0.4,0.5,0.4,0
Oliver Perez,1514,0.5,0.6,0.7,0.2
John Lackey,1507,3.6,2.5,2.4,3.1
Joaquin Benoit,1437,0.3,1.3,1.4,0.5
Francisco Rodriguez,1642,1,-0.5,0.4,0.6
Jake Peavy,1051,1.2,1.6,2.1,0.9
CC Sabathia,404,1.2,0.1,2.6,2.7
Bartolo Colon,375,2.5,2.9,3.8,2.7
Jose Fernandez,11530,2.1,1.6,4.1,6.2
Brett Oberholtzer,3855,0.2,2.2,1.3,-1
Shelby Miller,10197,3.4,0.6,2.4,0.6
T.J. McFarland,3237,-0.1,0.5,0.4,0.2
Sonny Gray,12768,3.8,3.1,1.5,0.7
Danny Farquhar,8501,-0.2,0.9,1.8,-0.4
Adam Warren,9029,2.2,1.4,0.1,-0.5
Tom Koehler,6570,0.6,1.6,0.5,1.1
Wily Peralta,7738,0.3,1.8,1.4,0.8
Jeff Manship,6865,0.6,-0.2,0.1,-0.3
Alex Wood,13781,2.6,2.6,1.6,1.3
Tyler Lyons,11334,0.1,0.3,0.5,0
Josh Fields,5070,1.2,1.5,-0.3,0.5
Dan Jennings,8073,0.5,0.1,0.6,0.8
Gerrit Cole,13125,5.5,2.3,2.5,2.6
Danny Salazar,5867,3.1,1.9,1.2,2.6
Julio Teheran,6797,1.1,3.2,2.5,3.2
Fernando Rodriguez,7558,0.8,0.3,0,0.4
Kevin Siegrist,8180,1.4,-0.2,0.8,0.1
Tanner Roark,8753,-0.2,3.2,1.4,3.3
Hector Rondon,2391,1.6,1.6,-0.3,0.6
Danny Duffy,3542,1.1,1.9,0.5,2.7
Justin Grimm,11720,0.6,0.6,0.6,0.6
Cody Allen,12183,2.6,1.2,1,1
Kevin Gausman,14107,1.5,2.1,0.4,3
Justin Wilson,4301,1.5,0.2,0.6,1.1
Jake Diekman,5003,0.4,1.3,0.7,0.7
Patrick Corbin,9323,1.5,3.5,1.1,0.5
Rubby de la Rosa,3862,0.5,0.5,0.6,0.4
Trevor Rosenthal,10745,2.1,1.2,2.3,0.2
AJ Ramos,8350,1.2,0.5,0.6,1.4
Jarred Cosart,10304,-0.3,1.9,0.4,0.1
Matt Moore,1890,0.3,1.8,2.7,2.2
Gonzalez Germen,5876,-0.1,-0.5,0.6,-0.2
Chris Archer,6345,5.2,3.2,1.3,3.1
Kyle Gibson,10123,2.6,2.3,-0.1,1.2
Brandon Maurer,4878,0.6,0.7,-0.2,0.8
Matt Harvey,11713,4.4,6.5,1.3,1.9
Seth Maness,12235,0.3,0.5,0.3,0.1
Michael Pineda,5372,3.5,2.2,3.2,3.2
Brad Hand,9111,0.2,0.2,-0.5,1.6
Dan Otero,7385,-0.2,0.6,0.8,1.6
Michael Wacha,14078,2.3,2,1.2,1.9
Tony Cingrani,12555,-0.1,-0.2,1.5,0
Mike Fiers,7754,2.4,1.7,3.1,1.7
Drew Pomeranz,11426,1.3,0.6,0.7,3
Shawn Tolleson,10481,1.1,-0.1,0,-0.3
George Kontos,9486,-0.2,0.3,-0.2,0.2
Jake McGee,7550,1.1,2.6,0.6,-0.3
David Phelps,6316,1,0.6,1.1,1.9
Corey Kluber,2429,5.6,7.4,2.8,5.1
Fernando Abad,4994,-0.7,0.6,0.3,0.3
Liam Hendriks,3548,1.5,0.4,-0.2,1.3
Hisashi Iwakuma,13048,1.9,3.1,3.9,2.4
Erasmo Ramirez,10314,2.3,-0.5,0,-0.4
Jeff Locke,2929,1.7,0.3,1.3,0.3
Martin Perez,6902,1.7,0.6,1.3,2.1
Dallas Keuchel,9434,5.9,3.6,1.1,2.6
Zach McAllister,2895,0.9,1.4,1.6,0.4
Will Smith,8048,1.4,0.7,0.4,0.7
Miguel Gonzalez,7024,0.5,0.5,1.6,2.6
Jose Quintana,11423,4.7,5.1,3.5,4.6
Wei-Yin Chen,13071,2.7,2.4,2,0.9
Drew Smyly,11760,0.9,2.2,1.8,1.9
Junichi Tazawa,4079,1.1,0.9,0.9,0.1
Luis Avilan,2882,0.2,-0.3,0.5,0.7
Aaron Loup,10343,0.2,0.3,0.7,0.6
Hector Santiago,4026,0.8,0.7,1.3,0.6
J.J. Hoover,9037,-0.1,-0.4,0.7,0
Garrett Richards,9784,2.7,4.3,1.4,0.8
Brad Brach,6627,0.9,0.2,-0.1,1.6
Robbie Ross Jr.,6819,0.1,-0.1,0.9,0.7
Addison Reed,10586,1,-0.1,1.6,2.5
Pedro Strop,4070,1.1,1,0.5,0.8
Carlos Torres,7624,0.4,0.1,0.2,0.6
Kelvin Herrera,6033,0.6,1.2,0.5,2
Tommy Milone,7608,1.6,0.3,1.2,-0.2
Bryan Shaw,8110,0.2,0.5,1,0.4
Jared Hughes,9325,0.2,-0.3,-0.1,-0.3
Casey Fien,3926,0.8,0.8,1,-0.8
Joe Kelly,9761,1.2,0.4,0.7,0.4
Daniel Hudson,7146,0.7,0.1,4.6,0.7
Tony Watson,3132,1.5,1.4,0.6,0
Randall Delgado,5985,0.5,0.7,0,0.2
Steve Cishek,6483,0.1,2,1.4,0.9
Kenley Jansen,3096,1.7,2.1,2.4,3.2
Fernando Salas,4971,0.8,0.6,0.4,0.1
Zach Britton,3240,2.1,1,0.1,2.5
Wade Miley,8779,2.6,1.6,1.8,1.5
Josh Tomlin,9388,0.5,1,0.1,1
Craig Kimbrel,6655,1.5,2.3,2.3,1.2
Vance Worley,6435,0.6,1.6,-0.2,0.1
Mike Dunn,9948,0.1,0.9,0.8,0.3
Chris Sale,10603,6.1,5.2,4.9,4.9
Andrew Cashner,8782,2.2,2.2,2.6,0.4
Greg Holland,7196,0.7,2.2,3,1.1
Mark Melancon,4264,1.6,2,2.5,1.9
Marco Estrada,1118,1.8,-0.1,1.8,2.9
Tom Wilhelmsen,9975,0.8,0.2,0.2,-0.9
Juan Nicasio,7731,0.9,-0.4,1.8,1.5
Jesse Chavez,5448,2.3,1.3,0.7,-0.1
Ivan Nova,1994,0.5,2.5,1.5,2.3
Josh Collmenter,7312,0.2,1.9,1,-0.1
Jason Motte,5861,0.5,1,1.5,-0.4
Stephen Strasburg,10131,3.4,4.5,3.3,4
Cesar Ramos,3357,0.6,-0.1,0.2,-0.7
Lance Lynn,2520,3.1,3.4,3.7,1.4
Pat Neshek,4682,0.2,1.9,-0.2,0.5
Mark Lowe,7416,1.2,0,0.2,-0.4
Jordan Lyles,7593,0.9,1.2,0.4,0.2
Nathan Eovaldi,9132,3.2,2.9,1.4,0.7
Alexi Ogando,10261,-0.9,0.9,0.8,0
Antonio Bastardo,8844,0.6,0.8,0.6,-0.1
Aroldis Chapman,10233,2.5,2.8,1.7,2.7
Carlos Carrasco,6632,4.8,3.2,0.2,2.5
Shawn Kelley,7773,0.9,0.8,0.5,1.1
Jon Niese,4424,0.9,2.3,2.1,-0.6
Neftali Feliz,18,0.4,-0.2,0.5,0
Jaime Garcia,8137,2.8,0.4,0.6,1.2
Yusmeiro Petit,4020,-0.1,1.8,0.9,-0.1
Jeremy Hellickson,4371,0.9,0.4,1.5,3.2
Ross Detwiler,2859,-0.9,-0.2,0.9,0.3
Jeanmar Gomez,9033,0.8,-0.4,0.2,0.4
David Hernandez,4259,-0.2,-0.3,2.1,0.2
Jake Arrieta,4153,7.3,5,0.1,3.8
John Axford,9059,0.6,-0.4,-0.3,0.2
Mike Leake,10130,1.6,2.3,2,2.5
Madison Bumgarner,5524,5.2,4,3.8,4.9
Alfredo Simon,2155,1.1,1.3,0,-1
Dillon Gee,7396,0.3,0.5,1.9,-0.4
Jeff Samardzija,3254,2.5,4.1,2.7,2.6
Kevin Jepsen,6475,0.7,0.9,0.3,-0.9
Blaine Boyer,2237,0.3,0.3,0,0.3
Drew Storen,6983,1.2,1,0.2,0.1
Tyson Ross,7872,4.3,3.2,1.9,-0.2
Travis Wood,9884,1.3,1.1,2.7,0.1
Koji Uehara,9227,1.4,1.1,3.1,0.6
Joakim Soria,6941,0.4,1.4,0.9,0
Darren O'Day,3321,1.8,0.9,0.7,0.1
Mat Latos,3815,1.5,1.7,4.8,0
Wade Davis,7441,2,3.1,1.4,1.3
Brett Cecil,2660,1.4,1.1,0.9,0.4
Tommy Hunter,1157,0.3,0.7,0.7,0.6
Luke Gregerson,4090,1.2,0.8,1.2,1.2
Jordan Zimmermann,4505,3,5.3,3.7,1.3
Mike Pelfrey,5203,2.1,2,0.9,0.4
Brett Anderson,8223,1.6,1,0.3,0.8
Trevor Cahill,6249,0.1,0.8,0.8,0
Ian Kennedy,6986,0.7,3.4,0.6,1.6
Tony Sipp,8280,1,0.9,-0.3,-0.8
Derek Holland,4141,0,1.2,4.3,1
Marc Rzepczynski,6612,0.3,0.6,0.2,0.4
Chris Tillman,5279,1.8,2.3,1.9,2.4
Brian Duensing,4064,-0.4,-0.3,0.8,0.7
Jim Johnson,3656,0.2,-0.7,0.9,1.4
Rick Porcello,2717,1.6,2.8,2.9,5.2
Doug Fister,9425,0.2,1.4,4.2,1
Bud Norris,9492,0,1.4,2.7,0.7
Clayton Richard,3551,0.4,-1,0.4,0.5
Boone Logan,5525,0.3,0.2,0.6,0.8
David Price,3184,6.5,6,4.4,4.5
Luke Hochevar,6943,0.1,1.1,1.1,0.2
Tyler Clippard,5640,0.2,1.5,0.4,0.6
Matt Albers,4300,0.4,0.3,-0.4,-0.9
Sergio Romo,9817,1.8,-0.1,1.2,0.2
Brad Ziegler,7293,0.6,0.1,0.6,1.3
Charlie Morton,4676,1,1.6,1.5,3.2
Yovani Gallardo,8173,2.4,2,2.2,0.6
J.A. Happ,7410,3.4,1,1.1,3.1
Clayton Kershaw,2036,8.5,7.6,7.1,6.5
Colby Lewis,1259,2.5,1,2.1,1
David Robertson,8241,1.8,1.6,1.6,0.9
Gio Gonzalez,7448,3.7,3.2,3.2,3
Max Scherzer,3137,6.4,5.2,6.1,5.7
Johnny Cueto,6893,4,4.6,0.8,5.5
Craig Breslow,4363,-0.6,-0.8,0.5,0
Clay Buchholz,3543,3.2,1.6,2.8,0.5
Matt Belisle,1837,0.3,1.2,1.6,0.1
Edinson Volquez,3990,0.9,0.9,1.5,2.5
Carlos Villanueva,4138,1.2,1,0.6,0.2
Cole Hamels,4972,4.3,4.5,4.6,4.2
Edwin Jackson,1841,0.5,2,2.1,0
Anibal Sanchez,3284,3.2,6,3.4,1
Jason Grilli,521,0.4,1.6,1.1,1.2
Jason Hammel,4538,1.7,0.6,2.6,2.4
Javier Lopez,1663,-0.4,0.8,0.6,0.3
Scott Feldman,6283,1.4,2,2.1,0.9
J.P. Howell,8245,0.4,0.8,-0.3,0.3
Jon Lester,4930,5.6,3.5,2.5,5
R.A. Dickey,1245,1.7,1.7,5,2
Matt Garza,3340,2.7,2,1,0.5
Zach Duke,3840,1.4,0,0.6,-0.4
Scott Kazmir,4897,3.1,2.7,-0.9,2.3
Jered Weaver,4235,1.5,2.3,2.9,0.8
Justin Verlander,8700,2.9,4.9,6.8,2.9
Jorge De La Rosa,2047,1.6,2.6,1.4,1.7
James Shields,7059,3.2,4,4.2,1
Joe Beimel,979,-0.2,0,0.3,-0.8
Chris Capuano,1701,0.8,1.3,2.7,-0.1
Matt Cain,4732,-0.1,1.5,3.7,-0.4
Huston Street,8258,1.1,-0.8,1.1,0.4
Zack Greinke,1943,4.3,3.4,5,5.8
Felix Hernandez,4772,6.1,5.7,6.1,2.9
C.J. Wilson,3580,0.7,3.2,2.2,1.5
Jonathan Papelbon,5975,1.9,1.1,1.4,0.4
Fernando Rodney,494,1.2,1.3,2.4,-0.7
Ervin Santana,3200,2.9,2.5,-1,1.4
Chad Qualls,2170,0.5,0.4,-0.4,0.4
Oliver Perez,1514,0.6,0.7,-1.1,0.5
Matt Thornton,1918,0.7,0.1,1.2,0.4
John Lackey,1507,2.5,2.4,0.9,3.6
Joaquin Benoit,1437,1.3,1.4,0.1,0.3
Francisco Rodriguez,1642,-0.5,0.4,0.5,1
Dan Haren,1757,1.4,1.6,1.8,0.9
Jeremy Affeldt,583,0.5,-0.5,0.9,-0.8
Aaron Harang,1451,2.5,0.2,2,0.9
Jake Peavy,1051,1.6,2.1,4.4,1.2
Bronson Arroyo,978,0.5,1.2,2.6,-0.8
Kyle Lohse,739,2.3,2.3,3.6,-0.2
CC Sabathia,404,0.1,2.6,4.7,1.2
A.J. Burnett,512,1.6,4.2,3,2.9
Mark Buehrle,225,3.1,2.3,1.5,2
Tim Hudson,921,2,1.8,2.1,0.2
Bartolo Colon,375,2.9,3.8,2.4,2.5
LaTroy Hawkins,729,0.6,1,-0.2,0.4
George Kontos,9486,0.3,-0.2,0.5,-0.2
Jake McGee,7550,2.6,0.6,2,1.1
David Phelps,6316,0.6,1.1,0.7,1
Corey Kluber,2429,7.4,2.8,0.6,5.6
Fernando Abad,4994,0.6,0.3,0.2,-0.7
Liam Hendriks,3548,0.4,-0.2,-0.3,1.5
Felix Doubront,1478,-0.3,2.2,1.3,0.4
Hisashi Iwakuma,13048,3.1,3.9,0.7,1.9
Erasmo Ramirez,10314,-0.5,0,1,2.3
Jeff Locke,2929,0.3,1.3,0.1,1.7
Martin Perez,6902,0.6,1.3,0.4,1.7
Dallas Keuchel,9434,3.6,1.1,-0.5,5.9
Zach McAllister,2895,1.4,1.6,1.4,0.9
Al Alburquerque,6324,0.1,0.2,1.2,0.3
Will Smith,8048,0.7,0.4,0.6,1.4
Miguel Gonzalez,7024,0.5,1.6,1.1,0.5
Jose Quintana,11423,5.1,3.5,1.6,4.7
Wei-Yin Chen,13071,2.4,2,2.3,2.7
Drew Smyly,11760,2.2,1.8,1.7,0.9
Junichi Tazawa,4079,0.9,0.9,1.1,1.1
Luis Avilan,2882,-0.3,0.5,0.7,0.2
Aaron Loup,10343,0.3,0.7,0.9,0.2
Hector Santiago,4026,0.7,1.3,0,0.8
J.J. Hoover,9037,-0.4,0.7,0.5,-0.1
Louis Coleman,9720,-0.6,0,0.2,0.1
Garrett Richards,9784,4.3,1.4,0.2,2.7
Brad Brach,6627,0.2,-0.1,-0.5,0.9
Robbie Ross Jr.,6819,-0.1,0.9,0.8,0.1
Addison Reed,10586,-0.1,1.6,0.8,1
Pedro Strop,4070,1,0.5,0.7,1.1
Dale Thayer,5032,0.1,0.1,0.7,-0.3
Carlos Torres,7624,0.1,0.2,0.4,0.4
Kelvin Herrera,6033,1.2,0.5,1.8,0.6
Tommy Milone,7608,0.3,1.2,2.8,1.6
Jacob Turner,10185,0.3,0.2,0.2,-0.5
Hector Noesi,3292,0.3,-0.6,0.3,-0.2
Bryan Shaw,8110,0.5,1,0.1,0.2
Dan Straily,9460,-0.3,1.8,-0.4,1.1
Sean Doolittle,1581,2.4,1.6,1.6,0.6
Jared Hughes,9325,-0.3,-0.1,-0.1,0.2
Casey Fien,3926,0.8,1,0.5,0.8
Yu Darvish,13074,3.7,4.5,4.6,2.8
Adam Ottavino,1247,1.1,1.1,0.5,-0.1
Joe Kelly,9761,0.4,0.7,0.9,1.2
Tony Watson,3132,1.4,0.6,0.4,1.5
Randall Delgado,5985,0.7,0,0.9,0.5
Steve Cishek,6483,2,1.4,0.7,0.1
Kenley Jansen,3096,2.1,2.4,2,1.7
Fernando Salas,4971,0.6,0.4,1,0.8
Zach Britton,3240,1,0.1,0.6,2.1
Wade Miley,8779,1.6,1.8,4.1,2.6
Josh Tomlin,9388,1,0.1,1.6,0.5
Craig Kimbrel,6655,2.3,2.3,3.3,1.5
Vance Worley,6435,1.6,-0.2,1.9,0.6
Mike Dunn,9948,0.9,0.8,0.1,0.1
Dustin McGowan,8600,-0.4,2.2,3.4,0
Chris Sale,10603,5.2,4.9,4.7,6.1
Andrew Cashner,8782,2.2,2.6,0.4,2.2
Greg Holland,7196,2.2,3,2.1,0.7
Mark Melancon,4264,2,2.5,-0.2,1.6
Marco Estrada,1118,-0.1,1.8,3.3,1.8
Tom Wilhelmsen,9975,0.2,0.2,1.6,0.8
Juan Nicasio,7731,-0.4,1.8,0.8,0.9
Alex Cobb,6562,2.8,2.5,2.2,2.3
Jesse Chavez,5448,1.3,0.7,-0.5,2.3
Josh Collmenter,7312,1.9,1,0.8,0.2
Stephen Strasburg,10131,4.5,3.3,4,3.4
Cesar Ramos,3357,-0.1,0.2,0.2,0.6
Lance Lynn,2520,3.4,3.7,2.8,3.1
Pat Neshek,4682,1.9,-0.2,0.9,0.2
Jordan Lyles,7593,1.2,0.4,0.9,0.9
Nathan Eovaldi,9132,2.9,1.4,1.1,3.2
Antonio Bastardo,8844,0.8,0.6,0.8,0.6
Aroldis Chapman,10233,2.8,1.7,3.3,2.5
Carlos Carrasco,6632,3.2,0.2,1,4.8
Shawn Kelley,7773,0.8,0.5,0.4,0.9
Esmil Rogers,6317,-0.2,0.2,0.9,-0.1
Ryan Webb,7474,0.7,0.3,0.7,0.1
Jon Niese,4424,2.3,2.1,2.7,0.9
Neftali Feliz,18,-0.2,0.5,0.9,0.4
Jaime Garcia,8137,0.4,0.6,2.8,2.8
James Russell,4089,0.2,0,0.7,0.1
Yusmeiro Petit,4020,1.8,0.9,0.2,-0.1
Jeremy Hellickson,4371,0.4,1.5,1.2,0.9
Jhoulys Chacin,2608,0.2,3.9,0.3,1.7
Franklin Morales,5088,-0.6,0.5,0,0.4
Jerry Blevins,7841,0.8,0.3,0,0.7
Ross Detwiler,2859,-0.2,0.9,1.5,-0.9
Jeanmar Gomez,9033,-0.4,0.2,-0.3,0.8
Mike Minor,10021,0.2,3.5,1.2,2.2
Craig Stammen,7274,0.6,1.1,0.8,0.1
Jake Arrieta,4153,5,0.1,1.6,7.3
Anthony Swarzak,7466,0.4,0.8,-0.4,-0.3
John Axford,9059,-0.4,-0.3,0.2,0.6
Mike Leake,10130,2.3,2,1.4,1.6
Madison Bumgarner,5524,4,3.8,3.1,5.2
Alfredo Simon,2155,1.3,0,0.6,1.1
Dillon Gee,7396,0.5,1.9,1.6,0.3
Jeff Samardzija,3254,4.1,2.7,2.7,2.5
Kevin Jepsen,6475,0.9,0.3,0.7,0.7
Blaine Boyer,2237,0.3,0,0.3,0.3
Drew Storen,6983,1,0.2,0.7,1.2
Tyson Ross,7872,3.2,1.9,0.2,4.3
Travis Wood,9884,1.1,2.7,0.4,1.3
Neal Cotts,1797,0.6,1.7,0.1,-0.4
Brian Matusz,2646,0.2,1,0.9,0.5
Koji Uehara,9227,1.1,3.1,0.8,1.4
Joakim Soria,6941,1.4,0.9,1.9,0.4
Darren O'Day,3321,0.9,0.7,1.5,1.8
Glen Perkins,8041,1,1.7,1,0.6
Mat Latos,3815,1.7,4.8,3.1,1.5
Wade Davis,7441,3.1,1.4,1.1,2
Brett Cecil,2660,1.1,0.9,0.2,1.4
Tommy Hunter,1157,0.7,0.7,-0.4,0.3
Luke Gregerson,4090,0.8,1.2,0.7,1.2
Jordan Zimmermann,4505,5.3,3.7,3.3,3
Brett Anderson,8223,1,0.3,0.9,1.6
Trevor Cahill,6249,0.8,0.8,2.6,0.1
Ian Kennedy,6986,3.4,0.6,2.5,0.7
Tony Sipp,8280,0.9,-0.3,-0.1,1
Derek Holland,4141,1.2,4.3,1.3,0
Marc Rzepczynski,6612,0.6,0.2,-0.6,0.3
Chris Tillman,5279,2.3,1.9,1.3,1.8
Eric Stults,8011,0,3.1,1.3,-0.3
Brian Duensing,4064,-0.3,0.8,1.2,-0.4
Jim Johnson,3656,-0.7,0.9,1.2,0.2
Rick Porcello,2717,2.8,2.9,2.8,1.6
Doug Fister,9425,1.4,4.2,3.4,0.2
Bud Norris,9492,1.4,2.7,1.7,0
Manny Parra,4279,-0.1,0.6,0.5,0.4
David Price,3184,6,4.4,5,6.5
Tyler Clippard,5640,1.5,0.4,1.2,0.2
Sergio Romo,9817,-0.1,1.2,1.1,1.8
Brad Ziegler,7293,0.1,0.6,0.6,0.6
Charlie Morton,4676,1.6,1.5,0.3,1
Yovani Gallardo,8173,2,2.2,2.6,2.4
J.A. Happ,7410,1,1.1,1.9,3.4
Kyle Kendrick,6230,0.9,2,1.3,-1.1
Burke Badenhop,9736,0.8,0.4,0.3,0.3
Clayton Kershaw,2036,7.6,7.1,5.9,8.5
Colby Lewis,1259,1,2.1,2,2.5
David Robertson,8241,1.6,1.6,1.7,1.8
Gio Gonzalez,7448,3.2,3.2,5,3.7
Max Scherzer,3137,5.2,6.1,4.4,6.4
Johnny Cueto,6893,4.6,0.8,4.7,4
Craig Breslow,4363,-0.8,0.5,0.7,-0.6
Justin Masterson,2038,0.4,3.5,2.3,-0.1
Edward Mujica,3970,0.2,0.1,0.4,-0.5
Clay Buchholz,3543,1.6,2.8,0.8,3.2
Gavin Floyd,3886,0.6,1.9,3.2,0.2
Roberto Hernandez,3273,0,0.3,0.9,0.3
Andrew Miller,6785,2.3,0.3,0.6,2
John Danks,6329,0.5,0.2,0.3,1.6
Casey Janssen,7355,0,1.2,1.1,0
Adam Wainwright,2233,4.9,6.6,4.1,2.9
Jonathan Broxton,4759,0.7,-0.3,1.1,0.2
Chris Young,3196,0.1,1.2,0,0.9
Francisco Liriano,3201,1.8,3.3,1.4,3.7
Jason Vargas,8044,2.2,1.4,1.1,0.4
Ubaldo Jimenez,3374,0.4,3.4,0.4,2.7
Ricky Nolasco,3830,1,3.2,2.2,0.7
Homer Bailey,8362,1.6,4.1,2.7,0.7
Ryan Vogelsong,1011,1.4,-0.5,2.5,0.1
Tim Lincecum,5705,0.1,1.8,1,0.3
Joe Smith,3281,1,0.5,0.6,0.9
Phil Hughes,7450,5.9,1.2,2.4,1.1
Brandon McCarthy,4662,2.9,1.7,1.8,0.7
Jeremy Guthrie,2072,1,0.5,0.6,-0.9
Jerome Williams,1137,0.4,0.1,0.8,-0.2
Santiago Casilla,2873,0.5,0,-0.4,0.2
Brandon Morrow,9346,0.3,-0.1,2.4,0.5
Chris Capuano,1701,1.3,2.7,1.9,0.8
Erik Bedard,126,1.4,1,2,0.2
Matt Cain,4732,1.5,3.7,5,-0.1
Huston Street,8258,-0.8,1.1,0.4,1.1
Wandy Rodriguez,2586,0.3,2.5,1.8,1
Zack Greinke,1943,3.4,5,3.9,4.3
Paul Maholm,8678,0.7,2,1.9,-0.6
Joe Blanton,4849,-0.5,2.4,0.6,1.1
Felix Hernandez,4772,5.7,6.1,4.8,6.1
C.J. Wilson,3580,3.2,2.2,4.9,0.7
Rafael Soriano,1100,0.6,1.3,0.3,0.7
Jonathan Papelbon,5975,1.1,1.4,3,1.9
Fernando Rodney,494,1.3,2.4,-0.4,1.2
Ervin Santana,3200,2.5,-1,2.5,2.9
Chad Qualls,2170,0.4,-0.4,-0.1,0.5
Jason Frasor,1906,0.7,0.2,0.2,0.4
Oliver Perez,1514,0.7,-1.1,-0.7,0.6
Kevin Correia,1767,1.2,0.6,0,0.1
Matt Thornton,1918,0.1,1.2,1.5,0.7
John Lackey,1507,2.4,0.9,3.3,2.5
Scott Downs,773,0.6,0.2,0.7,-0.1
Joaquin Benoit,1437,1.4,0.1,1.1,1.3
Francisco Rodriguez,1642,0.4,0.5,1.4,-0.5
Dan Haren,1757,1.6,1.8,6.1,1.4
Cliff Lee,1636,5.5,5,6.8,1.9
Jeremy Affeldt,583,-0.5,0.9,0.1,0.5
Joe Nathan,1122,2.3,1.7,-0.1,0.1
Bruce Chen,769,1.1,1.7,1.5,0
Josh Beckett,510,0,2,3.3,0.5
Aaron Harang,1451,0.2,2,1.2,2.5
Jake Peavy,1051,2.1,4.4,3,1.6
Bronson Arroyo,978,1.2,2.6,-1.1,0.5
Kyle Lohse,739,2.3,3.6,2.4,2.3
Jason Marquis,105,-1.2,-0.3,1.2,-0.1
CC Sabathia,404,2.6,4.7,6.4,0.1
A.J. Burnett,512,4.2,3,1,1.6
Mark Buehrle,225,2.3,1.5,3.3,3.1
Tim Hudson,921,1.8,2.1,3.4,2
Bartolo Colon,375,3.8,2.4,2.7,2.9
LaTroy Hawkins,729,1,-0.2,0.8,0.6
Jamey Wright,715,0.6,0.5,-0.3,0.3
Tony Watson,3132,0.6,0.4,-0.4,1.4
Randall Delgado,5985,0,0.9,-0.1,0.7
Steve Cishek,6483,1.4,0.7,0.9,2
Kenley Jansen,3096,2.4,2,1.5,2.1
Zach Britton,3240,0.1,0.6,2,1
Wade Miley,8779,1.8,4.1,-0.1,1.6
Ryan Mattheus,7169,0.1,-0.3,-0.1,0.3
Craig Kimbrel,6655,2.3,3.3,3.2,2.3
Vance Worley,6435,-0.2,1.9,2.4,1.6
Mike Dunn,9948,0.8,0.1,-0.2,0.9
Tyler Chatwood,4338,1.8,0,0.1,2
Chris Sale,10603,4.9,4.7,1.2,5.2
Andrew Cashner,8782,2.6,0.4,-0.6,2.2
Greg Holland,7196,3,2.1,1.7,2.2
Juan Gutierrez,3265,0.1,-1.1,1.4,-0.1
Jordan Walden,3271,0.8,0.5,1.5,0.8
Mark Melancon,4264,2.5,-0.2,0.8,2
Marco Estrada,1118,1.8,3.3,0.9,-0.1
Henderson Alvarez,5669,1.8,0.3,0.8,2.1
Tom Wilhelmsen,9975,0.2,1.6,0.2,0.2
Juan Nicasio,7731,1.8,0.8,1.2,-0.4
Alex Cobb,6562,2.5,2.2,0.8,2.8
Jesse Chavez,5448,0.7,-0.5,-0.2,1.3
Josh Collmenter,7312,1,0.8,2.3,1.9
Stephen Strasburg,10131,3.3,4,2.5,4.5
Cesar Ramos,3357,0.2,0.2,-0.2,-0.1
Lance Lynn,2520,3.7,2.8,0.5,3.4
Rex Brothers,9794,0.9,1,0.7,-0.6
Charlie Furbush,1370,1,0.8,-0.4,0.6
Pat Neshek,4682,-0.2,0.9,0.8,1.9
Anthony Bass,7982,-0.2,0.9,0,0.3
Aaron Crow,10149,-0.3,1,0.1,-1.1
Jordan Lyles,7593,0.4,0.9,0.5,1.2
Nathan Eovaldi,9132,1.4,1.1,0.2,2.9
Antonio Bastardo,8844,0.6,0.8,1,0.8
Aroldis Chapman,10233,1.7,3.3,0.5,2.8
Carlos Carrasco,6632,0.2,1,0.4,3.2
Shawn Kelley,7773,0.5,0.4,0,0.8
Esmil Rogers,6317,0.2,0.9,-0.4,-0.2
Ryan Webb,7474,0.3,0.7,0.2,0.7
Ernesto Frieri,5178,0.7,0.7,0.5,-0.8
Jon Niese,4424,2.1,2.7,2.7,2.3
Jaime Garcia,8137,0.6,2.8,3.4,0.4
James Russell,4089,0,0.7,-0.2,0.2
Yusmeiro Petit,4020,0.9,0.2,0.2,1.8
Sam LeCure,4664,0.9,1,0.5,-0.2
Jeremy Hellickson,4371,1.5,1.2,1.7,0.4
Jhoulys Chacin,2608,3.9,0.3,2,0.2
Jerry Blevins,7841,0.3,0,0.1,0.8
Logan Ondrusek,3677,0.1,-0.7,-0.2,0
Ross Detwiler,2859,0.9,1.5,0.4,-0.2
Jeanmar Gomez,9033,0.2,-0.3,0.7,-0.4
Joba Chamberlain,2692,-0.6,1.2,1.6,0.7
Mike Minor,10021,3.5,1.2,1.3,0.2
Craig Stammen,7274,1.1,0.8,1.1,0.6
Kris Medlen,9417,2.6,3.6,1.2,0.5
Ronald Belisario,2203,0.2,0.8,-0.2,0.4
Jake Arrieta,4153,0.1,1.6,0,5
Rich Hill,4806,0.1,0.5,3.1,3.8
Anthony Swarzak,7466,0.8,-0.4,0.8,0.4
John Axford,9059,-0.3,0.2,1.9,-0.4
Ivan Nova,1994,2.5,1.5,2.3,0.5
Mike Leake,10130,2,1.4,1.5,2.3
Madison Bumgarner,5524,3.8,3.1,4.9,4
Alfredo Simon,2155,0,0.6,1,1.3
Dillon Gee,7396,1.9,1.6,0.2,0.5
Jeff Samardzija,3254,2.7,2.7,0.6,4.1
Kevin Jepsen,6475,0.3,0.7,1,0.9
Joe Thatcher,4620,0.3,0.4,1,0.2
David Huff,4257,0,0.5,-0.3,-0.1
Alexi Ogando,10261,0.9,0.8,3.3,-0.9
Drew Storen,6983,0.2,0.7,0.9,1
Tyson Ross,7872,1.9,0.2,0.8,3.2
Travis Wood,9884,2.7,0.4,1.3,1.1
Neal Cotts,1797,1.7,0.1,-0.5,0.6
Brian Matusz,2646,1,0.9,-1.1,0.2
Koji Uehara,9227,3.1,0.8,1.2,1.1
Darren O'Day,3321,0.7,1.5,1.1,0.9
Glen Perkins,8041,1.7,1,1.7,1
Wesley Wright,5960,0.1,0.5,-0.1,0.2
Mat Latos,3815,4.8,3.1,3.8,1.7
Wade Davis,7441,1.4,1.1,1.1,3.1
Brett Cecil,2660,0.9,0.2,0.3,1.1
Tim Stauffer,6432,0.2,1.5,1.3,0.5
Tommy Hunter,1157,0.7,-0.4,0.6,0.7
Luke Gregerson,4090,1.2,0.7,0.5,0.8
Jordan Zimmermann,4505,3.7,3.3,3.4,5.3
Brett Anderson,8223,0.3,0.9,0.9,1
Jared Burton,8346,0.8,0.8,0.3,0
Phil Coke,5535,0,0.7,1.6,0
Trevor Cahill,6249,0.8,2.6,1.8,0.8
David Hernandez,4259,-0.3,2.1,1.3,-0.2
Ian Kennedy,6986,0.6,2.5,4.8,3.4
Tony Sipp,8280,-0.3,-0.1,0,0.9
Derek Holland,4141,4.3,1.3,3,1.2
Marc Rzepczynski,6612,0.2,-0.6,0.7,0.6
Chris Tillman,5279,1.9,1.3,1.1,2.3
Eric Stults,8011,3.1,1.3,0.5,0
Brian Duensing,4064,0.8,1.2,1.4,-0.3
Wade LeBlanc,5221,0,0.5,0.8,0.1
Jim Johnson,3656,0.9,1.2,1.3,-0.7
Rick Porcello,2717,2.9,2.8,2.2,2.8
Doug Fister,9425,4.2,3.4,5.1,1.4
Bud Norris,9492,2.7,1.7,2,1.4
Manny Parra,4279,0.6,0.5,0.3,-0.1
David Price,3184,4.4,5,4.4,6
Tyler Clippard,5640,0.4,1.2,1.7,1.5
Sergio Romo,9817,1.2,1.1,2.1,-0.1
Brad Ziegler,7293,0.6,0.6,1,0.1
Charlie Morton,4676,1.5,0.3,1.8,1.6
Yovani Gallardo,8173,2.2,2.6,3.6,2
J.A. Happ,7410,1.1,1.9,0.6,1
Mike Pelfrey,5203,2,0.9,2.6,2.1
Kyle Kendrick,6230,2,1.3,0.2,0.9
Randy Choate,813,0.6,0.5,0.4,0.2
Hiroki Kuroda,3283,3.7,3.8,2.7,3.4
Burke Badenhop,9736,0.4,0.3,0.7,0.8
Clayton Kershaw,2036,7.1,5.9,7.1,7.6
Jose Veras,2063,0.7,0.5,0.5,-0.3
Scott Atchison,2642,0.1,0.8,0.3,0.8
David Robertson,8241,1.6,1.7,2.6,1.6
Gio Gonzalez,7448,3.2,5,3.1,3.2
Max Scherzer,3137,6.1,4.4,2.2,5.2
Johnny Cueto,6893,0.8,4.7,2.9,4.6
Ross Ohlendorf,8268,0.4,0,-0.6,-0.6
Clayton Richard,3551,-1,0.4,0.6,0.4
David Aardsma,1902,-0.6,0.1,1.8,-0.4
Craig Breslow,4363,0.5,0.7,0.4,-0.8
Chris Perez,5213,-0.8,0.9,0.1,-0.7
Justin Masterson,2038,3.5,2.3,4.2,0.4
Boone Logan,5525,0.2,0.6,0.6,0.3
Luke Hochevar,6943,1.1,1.1,1.7,0.1
Edward Mujica,3970,0.1,0.4,0.7,0.2
Kevin Slowey,9918,0.8,0.3,2.3,0.1
Clay Buchholz,3543,2.8,0.8,0.7,1.6
Matt Albers,4300,0.3,-0.4,0,0.4
Daisuke Matsuzaka,7775,0.4,-0.3,0.1,0.2
Roberto Hernandez,3273,0.3,0.9,2.6,0
Andrew Miller,6785,0.3,0.6,-0.2,2.3
John Danks,6329,0.2,0.3,3,0.5
Casey Janssen,7355,1.2,1.1,1.1,0
Adam Wainwright,2233,6.6,4.1,5.6,4.9
Jonathan Broxton,4759,-0.3,1.1,1,0.7
Francisco Liriano,3201,3.3,1.4,0.7,1.8
Jason Vargas,8044,1.4,1.1,2.3,2.2
Matt Lindstrom,4604,0.9,0.6,0.7,-0.2
Ubaldo Jimenez,3374,3.4,0.4,3,0.4
Ricky Nolasco,3830,3.2,2.2,3,1
Homer Bailey,8362,4.1,2.7,1.5,1.6
Ryan Vogelsong,1011,-0.5,2.5,2.1,1.4
Tim Lincecum,5705,1.8,1,4,0.1
Joe Smith,3281,0.5,0.6,1,1
Phil Hughes,7450,1.2,2.4,0.7,5.9
Brandon McCarthy,4662,1.7,1.8,4.4,2.9
Jeremy Guthrie,2072,0.5,0.6,1.9,1
Jerome Williams,1137,0.1,0.8,0.3,0.4
Shaun Marcum,6204,1.4,1.6,3.6,-0.2
Grant Balfour,718,0.6,1.6,0.4,0
Santiago Casilla,2873,0,-0.4,0.5,0.5
Brandon Morrow,9346,-0.1,2.4,3.2,0.3
Tom Gorzelanny,6244,0.8,0.1,0.9,-0.1
Matt Belisle,1837,1.2,1.6,1.1,0.3
Edinson Volquez,3990,0.9,1.5,-0.4,0.9
Carlos Villanueva,4138,1,0.6,1.2,1.2
Cole Hamels,4972,4.5,4.6,4.9,4.3
Edwin Jackson,1841,2,2.1,3.5,0.5
Anibal Sanchez,3284,6,3.4,3.5,3.2
Jason Grilli,521,1.6,1.1,0.4,0.4
Jason Hammel,4538,0.6,2.6,0.9,1.7
Javier Lopez,1663,0.8,0.6,0.5,-0.4
Scott Feldman,6283,2,2.1,0.2,1.4
J.P. Howell,8245,0.8,-0.3,-0.5,0.4
Jon Lester,4930,3.5,2.5,2.7,5.6
R.A. Dickey,1245,1.7,5,2.5,1.7
Joel Peralta,2332,0.6,1.1,0.9,0.6
Matt Garza,3340,2,1,4.9,2.7
Joe Saunders,4366,0.3,2.1,0.5,-0.7
Zach Duke,3840,0,0.6,0.1,1.4
Scott Kazmir,4897,2.7,-0.9,2.2,3.1
Jered Weaver,4235,2.3,2.9,5.7,1.5
Justin Verlander,8700,4.9,6.8,6.4,2.9
Jorge De La Rosa,2047,2.6,1.4,1.3,1.6
Brandon League,3731,-0.7,0.8,1.2,0.3
James Shields,7059,4,4.2,4.5,3.2
Brandon Lyon,1312,0.8,1.1,0.6,-0.1
Chad Qualls,2170,-0.4,-0.1,0,0.4
Jason Frasor,1906,0.2,0.2,0.9,0.7
Kevin Correia,1767,0.6,0,0.2,1.2
Matt Thornton,1918,1.2,1.5,2.2,0.1
Kevin Gregg,1793,-0.2,-0.3,0.8,-0.1
Scott Downs,773,0.2,0.7,1.1,0.6
Joaquin Benoit,1437,0.1,1.1,1.6,1.4
Francisco Rodriguez,1642,0.5,1.4,1.4,0.4
Dan Haren,1757,1.8,6.1,3.8,1.6
Cliff Lee,1636,5,6.8,7,5.5
Rafael Betancourt,177,1.2,1.7,1.8,0.5
Jeremy Affeldt,583,0.9,0.1,0.1,-0.5
Jake Westbrook,412,2.1,0.9,1.8,0
Joe Nathan,1122,1.7,-0.1,1.8,2.3
Bruce Chen,769,1.7,1.5,1.1,1.1
Josh Beckett,510,2,3.3,0.9,0
Aaron Harang,1451,2,1.2,0.8,0.2
Jake Peavy,1051,4.4,3,1.7,2.1
Bronson Arroyo,978,2.6,-1.1,1.7,1.2
Kyle Lohse,739,3.6,2.4,0.6,2.3
Jason Marquis,105,-0.3,1.2,-0.4,-1.2
CC Sabathia,404,4.7,6.4,5.1,2.6
Roy Oswalt,571,0.6,2.7,4.4,0.8
Freddy Garcia,1077,0.8,2.1,1.4,-0.3
A.J. Burnett,512,3,1,1.4,4.2
Barry Zito,944,0.9,-0.5,1.8,-0.5
Mark Buehrle,225,1.5,3.3,3.8,2.3
Ryan Dempster,517,2.8,2.5,2.6,0.5
Randy Wolf,976,0.7,2.2,0.8,0.2
Roy Halladay,1303,2.6,8.3,6.1,-0.7
Tim Hudson,921,2.1,3.4,2.1,1.8
Bartolo Colon,375,2.4,2.7,0.2,3.8
LaTroy Hawkins,729,-0.2,0.8,0.4,1
Jamey Wright,715,0.5,-0.3,0,0.6
Andy Pettitte,840,1.6,2.4,3.4,3.1
Darren Oliver,206,1.1,1.2,1.5,0.1
Clayton Mortensen,3166,-0.2,-0.2,-0.3,-0.2
Esmil Rogers,6317,0.9,-0.4,1.2,0.2
Ryan Webb,7474,0.7,0.2,0.8,0.3
Ernesto Frieri,5178,0.7,0.5,0.4,0.7
Jon Niese,4424,2.7,2.7,1.7,2.1
Fernando Salas,4971,0.4,1,0,0.6
Josh Tomlin,9388,0.1,1.6,0.7,1
Jaime Garcia,8137,2.8,3.4,2.7,0.6
James Russell,4089,0.7,-0.2,-0.4,0
Wilton Lopez,4227,1.3,0.5,1.2,0.6
Josh Outman,4004,0.1,0.7,0.9,0.6
Sam LeCure,4664,1,0.5,0,0.9
Jeremy Hellickson,4371,1.2,1.7,0.5,1.5
Jhoulys Chacin,2608,0.3,2,2.7,3.9
Jerry Blevins,7841,0,0.1,0.6,0.3
Logan Ondrusek,3677,-0.7,-0.2,0.1,0.1
Ross Detwiler,2859,1.5,0.4,1.3,0.9
Jeanmar Gomez,9033,-0.3,0.7,0.3,0.2
Mike Minor,10021,1.2,1.3,0.6,3.5
Craig Stammen,7274,0.8,1.1,0.8,1.1
Kris Medlen,9417,3.6,1.2,0.9,2.6
Ronald Belisario,2203,0.8,-0.2,0.6,0.2
Jake Arrieta,4153,1.6,0,0.9,0.1
Anthony Swarzak,7466,-0.4,0.8,-0.2,0.8
John Axford,9059,0.2,1.9,1.8,-0.3
Ivan Nova,1994,1.5,2.3,0.4,2.5
Mike Leake,10130,1.4,1.5,0.8,2
Madison Bumgarner,5524,3.1,4.9,1.7,3.8
Alfredo Simon,2155,0.6,1,-0.7,0
Dillon Gee,7396,1.6,0.2,0.3,1.9
Jeff Samardzija,3254,2.7,0.6,-0.4,2.7
Vin Mazzaro,5231,0.3,0,0.5,0.5
Brad Lincoln,4241,0.5,0.4,-0.3,-0.4
Kevin Jepsen,6475,0.7,1,1.2,0.3
Joe Thatcher,4620,0.4,1,0.9,0.3
Alexi Ogando,10261,0.8,3.3,0.8,0.9
Drew Storen,6983,0.7,0.9,0.7,0.2
Daniel Hudson,7146,0.1,4.6,2.2,0.7
Tyson Ross,7872,0.2,0.8,0,1.9
Travis Wood,9884,0.4,1.3,2.2,2.7
Brian Matusz,2646,0.9,-1.1,3,1
Koji Uehara,9227,0.8,1.2,1.4,3.1
Darren O'Day,3321,1.5,1.1,1.3,0.7
Glen Perkins,8041,1,1.7,0.8,1.7
Wesley Wright,5960,0.5,-0.1,-0.4,0.1
Mat Latos,3815,3.1,3.8,4.3,4.8
Wade Davis,7441,1.1,1.1,1,1.4
Brett Cecil,2660,0.2,0.3,2.5,0.9
Neftali Feliz,18,0.5,0.9,2,-0.2
Tommy Hunter,1157,-0.4,0.6,0.9,0.7
Luke Gregerson,4090,0.7,0.5,1.4,1.2
Jordan Zimmermann,4505,3.3,3.4,-0.3,3.7
Brett Anderson,8223,0.9,0.9,2.5,0.3
Jared Burton,8346,0.8,0.3,0.5,0.8
Phil Coke,5535,0.7,1.6,1,0
Franklin Morales,5088,0.5,0,0.4,-0.6
Trevor Cahill,6249,2.6,1.8,1.9,0.8
David Hernandez,4259,2.1,1.3,0.9,-0.3
Ian Kennedy,6986,2.5,4.8,1.9,0.6
Tony Sipp,8280,-0.1,0,-0.8,-0.3
Derek Holland,4141,1.3,3,0.8,4.3
Tommy Hanson,9129,0.7,1.7,4.1,0.3
Marc Rzepczynski,6612,-0.6,0.7,0.4,0.2
Chris Tillman,5279,1.3,1.1,-0.2,1.9
Eric Stults,8011,1.3,0.5,0.3,3.1
Brian Duensing,4064,1.2,1.4,1.5,0.8
Wade LeBlanc,5221,0.5,0.8,0.4,0
Jason Motte,5861,1,1.5,0.6,0.5
Jim Johnson,3656,1.2,1.3,0.4,0.9
Rick Porcello,2717,2.8,2.2,1.7,2.9
Doug Fister,9425,3.4,5.1,2.9,4.2
Bud Norris,9492,1.7,2,1.7,2.7
Mark Lowe,7416,0,0.2,1,1.2
Alfredo Aceves,5164,0.1,0.6,1.4,-0.6
Jose Mijares,4140,0.8,-0.3,0.3,0.5
Manny Parra,4279,0.5,0.3,0.9,0.6
David Price,3184,5,4.4,4.2,4.4
Bobby Parnell,9926,1,0.6,0.7,1.4
Tyler Clippard,5640,1.2,1.7,1.4,0.4
Sergio Romo,9817,1.1,2.1,1.2,1.2
Brad Ziegler,7293,0.6,1,0.1,0.6
Charlie Morton,4676,0.3,1.8,-0.3,1.5
Eric O'Flaherty,5746,0.6,1.5,0.5,-0.1
Yovani Gallardo,8173,2.6,3.6,4.6,2.2
J.A. Happ,7410,1.9,0.6,1,1.1
Kyle Kendrick,6230,1.3,0.2,0.4,2
Randy Choate,813,0.5,0.4,0.2,0.6
Hiroki Kuroda,3283,3.8,2.7,4.3,3.7
Burke Badenhop,9736,0.3,0.7,0.3,0.4
Clayton Kershaw,2036,5.9,7.1,4.7,7.1
Jose Veras,2063,0.5,0.5,0,0.7
Scott Atchison,2642,0.8,0.3,-0.2,0.1
David Robertson,8241,1.7,2.6,0.6,1.6
Gio Gonzalez,7448,5,3.1,3.1,3.2
Max Scherzer,3137,4.4,2.2,3.7,6.1
Johnny Cueto,6893,4.7,2.9,2.6,0.8
Ross Ohlendorf,8268,0,-0.6,0.9,0.4
Clayton Richard,3551,0.4,0.6,2.4,-1
Craig Breslow,4363,0.7,0.4,0.4,0.5
Chris Perez,5213,0.9,0.1,0.8,-0.8
Justin Masterson,2038,2.3,4.2,2.3,3.5
Boone Logan,5525,0.6,0.6,0.3,0.2
Luke Hochevar,6943,1.1,1.7,1.6,1.1
Edward Mujica,3970,0.4,0.7,0,0.1
Clay Buchholz,3543,0.8,0.7,3,2.8
Matt Albers,4300,-0.4,0,0.1,0.3
Daisuke Matsuzaka,7775,-0.3,0.1,2,0.4
Andrew Miller,6785,0.6,-0.2,-0.4,0.3
Manny Corpas,2807,-0.5,0.4,0.4,0
John Danks,6329,0.3,3,4.4,0.2
Casey Janssen,7355,1.1,1.1,0.3,1.2
Adam Wainwright,2233,4.1,5.6,5.7,6.6
Josh Johnson,4567,3.1,1.6,5.9,0.4
Jonathan Broxton,4759,1.1,1,2.7,-0.3
Francisco Liriano,3201,1.4,0.7,5.7,3.3
Jason Vargas,8044,1.1,2.3,3,1.4
Matt Lindstrom,4604,0.6,0.7,0.3,0.9
Ubaldo Jimenez,3374,0.4,3,5.9,3.4
Ricky Nolasco,3830,2.2,3,2,3.2
Homer Bailey,8362,2.7,1.5,1.9,4.1
Ryan Vogelsong,1011,2.5,2.1,0.1,-0.5
Colby Lewis,1259,2.1,2,4.7,1
Tim Lincecum,5705,1,4,4.3,1.8
Joe Smith,3281,0.6,1,-0.2,0.5
Phil Hughes,7450,2.4,0.7,2.6,1.2
Brandon McCarthy,4662,1.8,4.4,1,1.7
Jeremy Guthrie,2072,0.6,1.9,2.5,0.5
Jerome Williams,1137,0.8,0.3,-0.3,0.1
Shaun Marcum,6204,1.6,3.6,3.6,1.4
Grant Balfour,718,1.6,0.4,1.2,0.6
Santiago Casilla,2873,-0.4,0.5,0.6,0
John Lannan,7080,0.4,1.2,0.9,0.4
Brandon Morrow,9346,2.4,3.2,3.6,-0.1
Gavin Floyd,3886,1.9,3.2,4.1,0.6
Tom Gorzelanny,6244,0.1,0.9,1.9,0.8
Chad Billingsley,5842,2.8,2.2,4.2,0.1
Matt Belisle,1837,1.6,1.1,2,1.2
Edinson Volquez,3990,1.5,-0.4,0.8,0.9
Chris Young,3196,1.2,0,1.4,0.1
Carlos Villanueva,4138,0.6,1.2,0.3,1
Cole Hamels,4972,4.6,4.9,3.5,4.5
Edwin Jackson,1841,2.1,3.5,3.2,2
Anibal Sanchez,3284,3.4,3.5,3.9,6
Jason Grilli,521,1.1,0.4,0.4,1.6
Jason Hammel,4538,2.6,0.9,3.2,0.6
Javier Lopez,1663,0.6,0.5,0.5,0.8
Scott Feldman,6283,2.1,0.2,1.1,2
J.P. Howell,8245,-0.3,-0.5,0.8,0.8
Carlos Marmol,2790,0.1,0.6,2.7,-0.7
Michael Gonzalez,1794,0.6,0.2,1.1,-0.5
Jesse Crain,4817,0.8,0.9,0.7,1.9
Jon Lester,4930,2.5,2.7,4.8,3.5
R.A. Dickey,1245,5,2.5,2.7,1.7
Joel Peralta,2332,1.1,0.9,0.8,0.6
Matt Garza,3340,1,4.9,1.9,2
Joe Saunders,4366,2.1,0.5,1.2,0.3
Jered Weaver,4235,2.9,5.7,5.9,2.3
Justin Verlander,8700,6.8,6.4,6.3,4.9
Chien-Ming Wang,2074,-0.4,0.2,0.1,-0.1
Brandon League,3731,0.8,1.2,0.2,-0.7
James Shields,7059,4.2,4.5,2,4
Chris Capuano,1701,2.7,1.9,0.6,1.3
J.J. Putz,1795,1.5,1.5,1.5,0.1
Chad Gaudin,1783,0.1,-1.1,1.8,1.2
Erik Bedard,126,1,2,1.7,1.4
Matt Cain,4732,3.7,5,4,1.5
Huston Street,8258,1.1,0.4,0.8,-0.8
Wandy Rodriguez,2586,2.5,1.8,3.6,0.3
Zack Greinke,1943,5,3.9,4.7,3.4
Paul Maholm,8678,2,1.9,1.5,0.7
Joe Blanton,4849,2.4,0.6,1.7,-0.5
Felix Hernandez,4772,6.1,4.8,5.9,5.7
C.J. Wilson,3580,2.2,4.9,4.1,3.2
Rafael Soriano,1100,1.3,0.3,1.8,0.6
Heath Bell,2080,0.3,0.7,2.4,-0.1
Jonathan Papelbon,5975,1.4,3,0.9,1.1
Fernando Rodney,494,2.4,-0.4,0.2,1.3
Luis Ayala,1650,0.9,0,-0.2,0.1
Jeff Francis,4684,1.5,1.9,1.6,0.3
Ervin Santana,3200,-1,2.5,2.1,2.5
Scott Downs,773,0.7,1.1,0.8,0.2
Joaquin Benoit,1437,1.1,1.6,-0.2,0.1
Francisco Rodriguez,1642,1.4,1.4,0.6,0.5
Dan Haren,1757,6.1,3.8,5.6,1.8
Brian Fuentes,429,0.1,0.2,0.3,-0.5
Cliff Lee,1636,6.8,7,6.3,5
Rafael Betancourt,177,1.7,1.8,1.4,1.2
Jeremy Affeldt,583,0.1,0.1,0.6,0.9
Juan Cruz,273,0.1,-0.1,0.5,-0.1
Jake Westbrook,412,0.9,1.8,0.3,2.1
Joe Nathan,1122,-0.1,1.8,1.8,1.7
Bruce Chen,769,1.5,1.1,0,1.7
John Lackey,1507,0.9,3.3,3.3,2.4
Josh Beckett,510,3.3,0.9,4.2,2
Carlos Zambrano,305,0.7,2,3.7,0.5
Aaron Harang,1451,1.2,0.8,2.6,2
Brett Myers,962,1.6,3.9,-0.5,0.1
Aaron Cook,1571,0.7,1,1.4,-0.4
Jake Peavy,1051,3,1.7,2.8,4.4
Bronson Arroyo,978,-1.1,1.7,2,2.6
Octavio Dotel,555,0.8,0.1,0.7,1.5
Francisco Cordero,1243,0.1,0.5,1.5,-0.8
Ted Lilly,833,2,2.5,3.7,0.7
Kyle Lohse,739,2.4,0.6,0.9,3.6
Jason Marquis,105,1.2,-0.4,3.2,-0.3
CC Sabathia,404,6.4,5.1,5.9,4.7
Roy Oswalt,571,2.7,4.4,3.5,0.6
Freddy Garcia,1077,2.1,1.4,1.5,0.8
A.J. Burnett,512,1,1.4,3,3
Barry Zito,944,-0.5,1.8,2.1,0.9
Mark Buehrle,225,3.3,3.8,3,1.5
Carl Pavano,790,2.3,2.8,3.3,0.6
Jon Garland,232,0.1,1.1,2.1,0.2
Jason Isringhausen,1158,-0.3,-0.2,0.6,-0.3
Ryan Dempster,517,2.5,2.6,3.6,2.8
Kyle Farnsworth,278,0.9,0.8,0.6,-0.1
Randy Wolf,976,2.2,0.8,3.3,0.7
Roy Halladay,1303,8.3,6.1,7,2.6
Tim Hudson,921,3.4,2.1,0.7,2.1
Bartolo Colon,375,2.7,0.2,0.5,2.4
LaTroy Hawkins,729,0.8,0.4,0.8,-0.2
Miguel Batista,46,-0.1,-0.4,-0.1,-0.3
Derek Lowe,199,2.1,2.2,2.5,1
Livan Hernandez,1116,1.8,2.9,1.6,-0.8
Kevin Millwood,106,0.6,1.3,2.1,2.3
Jamey Wright,715,-0.3,0,-0.4,0.5
Mariano Rivera,844,2.4,1.7,2,1.5
Darren Oliver,206,1.2,1.5,1.2,1.1
Brian Matusz,2646,-1.1,3,0.9,0.9
Koji Uehara,9227,1.2,1.4,1.9,0.8
Glen Perkins,8041,1.7,0.8,0.4,1
Mat Latos,3815,3.8,4.3,0.3,3.1
Wade Davis,7441,1.1,1,1.1,1.1
Chris Narveson,2141,1.9,1.8,0.3,-0.2
Brett Cecil,2660,0.3,2.5,0.2,0.2
Neftali Feliz,18,0.9,2,1.1,0.5
Tommy Hunter,1157,0.6,0.9,1.7,-0.4
Luke Gregerson,4090,0.5,1.4,2,0.7
Esmerling Vasquez,5280,0,-0.3,0.2,0.2
Andrew Bailey,1368,1,1,2.2,0
Daniel Bard,7115,1.3,1.3,0.7,-0.7
Jordan Zimmermann,4505,3.4,-0.3,1.9,3.3
Brett Anderson,8223,0.9,2.5,3.5,0.9
Phil Coke,5535,1.6,1,0.2,0.7
Franklin Morales,5088,0,0.4,0.9,0.5
Trevor Cahill,6249,1.8,1.9,0.2,2.6
David Hernandez,4259,1.3,0.9,-0.6,2.1
Ian Kennedy,6986,4.8,1.9,0,2.5
Ricky Romero,3403,2.2,3.7,2.3,0.4
James McDonald,5523,0.4,1.6,0.1,1.3
Tony Sipp,8280,0,-0.8,0.2,-0.1
Derek Holland,4141,3,0.8,0.7,1.3
Tommy Hanson,9129,1.7,4.1,2.7,0.7
Marc Rzepczynski,6612,0.7,0.4,0.8,-0.6
Chris Tillman,5279,1.1,-0.2,-0.2,1.3
Brian Duensing,4064,1.4,1.5,0.8,1.2
Wade LeBlanc,5221,0.8,0.4,0.2,0.5
Jason Motte,5861,1.5,0.6,-0.2,1
Jim Johnson,3656,1.3,0.4,1,1.2
Rick Porcello,2717,2.2,1.7,1.3,2.8
Doug Fister,9425,5.1,2.9,0.2,3.4
Felipe Paulino,3777,2.1,1.7,0.1,0.8
Jeff Niemann,8591,1.6,1.3,2.9,0.9
Bud Norris,9492,2,1.7,0.5,1.7
Sean O'Sullivan,9137,-0.7,-0.2,-0.3,-0.7
Jose Arredondo,4722,0,0.1,1.1,0
Mark Lowe,7416,0.2,1,0,0
Alfredo Aceves,5164,0.6,1.4,0.1,0.1
David Huff,4257,0.5,-0.3,1.3,0
Jose Mijares,4140,-0.3,0.3,0.6,0.8
Jeremy Accardo,6428,-0.3,1.2,0.7,0.1
David Price,3184,4.4,4.2,1.3,5
Bobby Parnell,9926,0.6,0.7,0.5,1
Tyler Clippard,5640,1.7,1.4,0.1,1.2
Sergio Romo,9817,2.1,1.2,1.2,1.1
Brad Ziegler,7293,1,0.1,1,0.6
Charlie Morton,4676,1.8,-0.3,1.3,0.3
Manny Acosta,8725,0.2,0.3,0,-0.4
Mitchell Boggs,3344,0.4,0.1,0.7,0.7
Matt Harrison,5551,3.7,-0.2,0.5,3.2
Eric O'Flaherty,5746,1.5,0.5,0.6,0.6
Tim Stauffer,6432,1.5,1.3,0.4,0.2
Yovani Gallardo,8173,3.6,4.6,2.8,2.6
J.A. Happ,7410,0.6,1,1.7,1.9
Kyle Kendrick,6230,0.2,0.4,0.1,1.3
Hiroki Kuroda,3283,2.7,4.3,2.3,3.8
Burke Badenhop,9736,0.7,0.3,0.9,0.3
Nick Blackburn,4270,0.3,0.2,2.4,-0.9
Clayton Kershaw,2036,7.1,4.7,4.4,5.9
Jose Veras,2063,0.5,0,-0.3,0.5
Scott Atchison,2642,0.3,-0.2,0,0.8
David Robertson,8241,2.6,0.6,0.7,1.7
Gio Gonzalez,7448,3.1,3.1,1,5
Max Scherzer,3137,2.2,3.7,2.9,4.4
Johnny Cueto,6893,2.9,2.6,1.6,4.7
Ross Ohlendorf,8268,-0.6,0.9,1.2,0
Chris Volstad,9901,0.7,1.1,-0.1,-0.1
Clayton Richard,3551,0.6,2.4,1.5,0.4
Craig Breslow,4363,0.4,0.4,0.4,0.7
Chris Perez,5213,0.1,0.8,0.2,0.9
Justin Masterson,2038,4.2,2.3,1.5,2.3
Boone Logan,5525,0.6,0.3,0.2,0.6
Luke Hochevar,6943,1.7,1.6,1,1.1
Edward Mujica,3970,0.7,0,0.5,0.4
Clay Buchholz,3543,0.7,3,0.6,0.8
Nick Masset,7267,0.4,1,1.4,0
Matt Albers,4300,0,0.1,0.7,-0.4
Brian Wilson,6485,0.5,2.5,2.3,-0.2
Daisuke Matsuzaka,7775,0.1,2,0.3,-0.3
Joakim Soria,6941,0.9,1.9,1.6,1.4
Andrew Miller,6785,-0.2,-0.4,0.7,0.6
John Danks,6329,3,4.4,2.7,0.3
Casey Janssen,7355,1.1,0.3,0.2,1.1
Josh Johnson,4567,1.6,5.9,5.5,3.1
Mike Pelfrey,5203,0.9,2.6,1.7,2
Francisco Liriano,3201,0.7,5.7,0.7,1.4
Jason Vargas,8044,2.3,3,0.3,1.1
Matt Lindstrom,4604,0.7,0.3,0,0.6
Ubaldo Jimenez,3374,3,5.9,5.3,0.4
Ricky Nolasco,3830,3,2,4.1,2.2
Homer Bailey,8362,1.5,1.9,1.3,2.7
Ryan Vogelsong,1011,2.1,0.1,0,2.5
Colby Lewis,1259,2,4.7,-0.3,2.1
Aaron Laffey,6248,-0.7,0.5,1.1,-0.2
Tim Lincecum,5705,4,4.3,7.7,1
Joe Smith,3281,1,-0.2,0.2,0.6
Phil Hughes,7450,0.7,2.6,2.4,2.4
Brandon McCarthy,4662,4.4,1,1.1,1.8
Jeremy Guthrie,2072,1.9,2.5,1.5,0.6
Jerome Williams,1137,0.3,-0.3,0.8,0.8
Shaun Marcum,6204,3.6,3.6,1.8,1.6
Joel Hanrahan,2186,1.8,1.2,1,-0.4
Jeff Karstens,5879,0.8,0.3,0.3,1.5
Sean Burnett,1886,-0.5,1.2,-0.1,0.9
Grant Balfour,718,0.4,1.2,0.8,1.6
Tim Byrdak,1995,0.6,-0.1,-0.5,0.2
Jair Jurrjens,5556,1.3,1.1,4,-0.4
Mike Adams,1937,1.8,1.9,1.4,0.7
Santiago Casilla,2873,0.5,0.6,-0.2,-0.4
Ramon Ramirez,7986,0.8,0.2,0.3,0.2
Kevin Slowey,9918,0.3,2.3,1.4,0.8
John Lannan,7080,1.2,0.9,1.4,0.4
Brandon Morrow,9346,3.2,3.6,0.1,2.4
Gavin Floyd,3886,3.2,4.1,4,1.9
Tom Gorzelanny,6244,0.9,1.9,0.7,0.1
Chad Billingsley,5842,2.2,4.2,3,2.8
Roberto Hernandez,3273,0.9,2.6,0,0.3
Matt Belisle,1837,1.1,2,0,1.6
Kameron Loe,4422,1.2,0.4,0.3,0
Sean Marshall,5905,2.6,1.9,0.7,1.7
Edinson Volquez,3990,-0.4,0.8,0.2,1.5
Carlos Villanueva,4138,1.2,0.3,0.5,0.6
Cole Hamels,4972,4.9,3.5,3.9,4.6
Edwin Jackson,1841,3.5,3.2,3.3,2.1
Anibal Sanchez,3284,3.5,3.9,0.7,3.4
Jason Grilli,521,0.4,0.4,1,1.1
Jason Hammel,4538,0.9,3.2,3.5,2.6
Juan Oviedo,2886,0.1,1.3,-0.8,-0.2
Javier Lopez,1663,0.5,0.5,0.1,0.6
Scott Feldman,6283,0.2,1.1,2.9,2.1
J.P. Howell,8245,-0.5,0.8,1.3,-0.3
Carlos Marmol,2790,0.6,2.7,0.7,0.1
Michael Gonzalez,1794,0.2,1.1,0.2,0.6
Jesse Crain,4817,0.9,0.7,0.2,0.8
Jon Lester,4930,2.7,4.8,5.3,2.5
R.A. Dickey,1245,2.5,2.7,-0.4,5
Joel Peralta,2332,0.9,0.8,-0.8,1.1
Matt Garza,3340,4.9,1.9,3,1
Joe Saunders,4366,0.5,1.2,0.9,2.1
Clay Hensley,4593,-0.1,1.3,0,-0.5
Jered Weaver,4235,5.7,5.9,3.9,2.9
Justin Verlander,8700,6.4,6.3,7.7,6.8
Frank Francisco,1933,0.4,1.1,1.1,0.2
Chien-Ming Wang,2074,0.2,0.1,1.6,-0.4
Brandon League,3731,1.2,0.2,0.7,0.8
James Shields,7059,4.5,2,3.5,4.2
Jonathan Sanchez,7507,0.5,2.3,2,-0.8
Chris Capuano,1701,1.9,0.6,1.9,2.7
J.J. Putz,1795,1.5,1.5,0.5,1.5
Erik Bedard,126,2,1.7,0.9,1
Matt Cain,4732,5,4,3.4,3.7
Huston Street,8258,0.4,0.8,1.5,1.1
Wandy Rodriguez,2586,1.8,3.6,4.1,2.5
Zack Greinke,1943,3.9,4.7,8.6,5
Paul Maholm,8678,1.9,1.5,3.2,2
Joe Blanton,4849,0.6,1.7,2.2,2.4
Felix Hernandez,4772,4.8,5.9,6.2,6.1
C.J. Wilson,3580,4.9,4.1,1.8,2.2
Rafael Soriano,1100,0.3,1.8,2,1.3
Heath Bell,2080,0.7,2.4,2.1,0.3
Jonathan Papelbon,5975,3,0.9,1.8,1.4
Fernando Rodney,494,-0.4,0.2,0.1,2.4
Luis Ayala,1650,0,-0.2,0.1,0.9
Zach Duke,3840,0.6,0.1,2.4,0
Matt Guerrier,2061,0.7,0.1,0.2,0.1
Jeff Francis,4684,1.9,1.6,1.4,1.5
Jorge De La Rosa,2047,1.4,1.3,3.3,2.6
Scott Baker,6176,2.6,2.6,3.5,0
Ervin Santana,3200,2.5,2.1,0.9,-1
Chad Qualls,2170,-0.1,0,1,-0.4
Jason Frasor,1906,0.2,0.9,1.4,0.2
Kevin Correia,1767,0,0.2,3.1,0.6
Matt Thornton,1918,1.5,2.2,2.3,1.2
Ryan Madson,1852,1.7,1.2,1.2,0.9
Chad Durbin,1442,-0.4,0.1,-0.4,-0.5
Jose Valverde,1726,0.9,0.5,0.8,0.9
Jon Rauch,1475,-0.6,1.3,0.7,0.4
Shawn Camp,1855,0.3,0.2,0.5,0.4
Kevin Gregg,1793,-0.3,0.8,-0.3,-0.2
Jeremy Affeldt,583,0.1,0.6,0.6,0.1
Ben Sheets,710,0.7,4.7,2.5,0.5
Jake Westbrook,412,1.8,0.3,1.7,0.9
Bruce Chen,769,1.1,0,-0.7,1.5
Oliver Perez,1514,-1.1,-0.7,1.7,0.7
John Lackey,1507,3.3,3.3,1.3,0.9
Josh Beckett,510,0.9,4.2,4.1,3.3
Danys Baez,367,-0.4,0.1,-0.9,-0.4
Dan Wheeler,120,0.1,0.1,0.2,0.3
Carlos Zambrano,305,2,3.7,2.8,0.7
Aaron Harang,1451,0.8,2.6,1.9,1.2
Brett Myers,962,3.9,-0.5,2.1,1.6
Aaron Cook,1571,1,1.4,4.4,0.7
Jake Peavy,1051,1.7,2.8,3.6,3
Bronson Arroyo,978,1.7,2,2.8,-1.1
Octavio Dotel,555,0.1,0.7,0.6,0.8
Francisco Cordero,1243,0.5,1.5,1,0.1
Joel Pineiro,1094,2,4.6,0.8,0.7
Ramon Ortiz,27,-0.3,0.1,0.2,-0.1
Ted Lilly,833,2.5,3.7,2.8,2
Kyle Lohse,739,0.6,0.9,3.2,2.4
Jason Marquis,105,-0.4,3.2,1.7,1.2
CC Sabathia,404,5.1,5.9,7.3,6.4
Kerry Wood,304,0.1,0.3,2.1,0.4
Roy Oswalt,571,4.4,3.5,3.7,2.7
Freddy Garcia,1077,1.4,1.5,0.2,2.1
A.J. Burnett,512,1.4,3,5.1,1
Doug Davis,1244,0,1.4,2.3,0.6
Barry Zito,944,1.8,2.1,1.3,-0.5
Brad Penny,535,1,1.8,0.1,0.2
Mark Buehrle,225,3.8,3,4.2,3.3
Johan Santana,755,3.5,3.3,5.3,1.7
Carl Pavano,790,2.8,3.3,0,2.3
Vicente Padilla,964,0.8,1.8,1.1,0.3
Jon Garland,232,1.1,2.1,1.3,0.1
Chris Carpenter,1292,3.3,5.5,5,4.8
Ryan Dempster,517,2.6,3.6,4.7,2.5
Guillermo Mota,1467,0.2,0.1,0.1,0.1
Kyle Farnsworth,278,0.8,0.6,-0.7,0.9
Randy Wolf,976,0.8,3.3,2.6,2.2
Roy Halladay,1303,6.1,7,6.8,8.3
Tim Hudson,921,2.1,0.7,2.3,3.4
Javier Vazquez,801,0,6.5,4.7,3.1
Miguel Batista,46,-0.4,-0.1,-1.4,-0.1
Jeff Suppan,633,-0.1,-0.4,0,-0.3
Derek Lowe,199,2.2,2.5,4.8,2.1
Livan Hernandez,1116,2.9,1.6,0.9,1.8
Kevin Millwood,106,1.3,2.1,2.9,0.6
Jamey Wright,715,0,-0.4,0.4,-0.3
Andy Pettitte,840,2.4,3.4,3.8,1.6
Mariano Rivera,844,1.7,2,3.2,2.4
Darren Oliver,206,1.5,1.2,0.9,1.2
Tim Wakefield,219,1.2,1.7,1.1,0.2
Arthur Rhodes,1097,0.9,1,1.2,-0.8
Sergio Romo,9817,1.2,1.2,0.5,2.1
Brad Ziegler,7293,0.1,1,0.5,1
Charlie Morton,4676,-0.3,1.3,0.2,1.8
Darren O'Day,3321,1.1,1.3,0.3,1.5
Wesley Wright,5960,-0.1,-0.4,-0.3,0.5
Manny Acosta,8725,0.3,0,-0.4,0.2
Mitchell Boggs,3344,0.1,0.7,-0.3,0.4
Matt Harrison,5551,-0.2,0.5,0.4,3.7
Eric O'Flaherty,5746,0.5,0.6,0.6,1.5
Tim Stauffer,6432,1.3,0.4,0.7,1.5
Jesse Litsch,3688,0,2.2,0.6,0.4
Yovani Gallardo,8173,4.6,2.8,2.6,3.6
J.A. Happ,7410,1,1.7,0.5,0.6
Kyle Kendrick,6230,0.4,0.1,1.1,0.2
Hiroki Kuroda,3283,4.3,2.3,3.6,2.7
Burke Badenhop,9736,0.3,0.9,0,0.7
David Purcey,8360,0.3,0.3,0.5,-0.2
Nick Blackburn,4270,0.2,2.4,2,0.3
Clayton Kershaw,2036,4.7,4.4,1.5,7.1
Joba Chamberlain,2692,1.2,1.6,3,-0.6
Jose Veras,2063,0,-0.3,0.2,0.5
Scott Atchison,2642,-0.2,0,0.3,0.3
Ramon Troncoso,4685,-0.5,0.8,0.4,-0.3
David Robertson,8241,0.6,0.7,0.3,2.6
Gio Gonzalez,7448,3.1,1,-0.7,3.1
Max Scherzer,3137,3.7,2.9,1.1,2.2
Johnny Cueto,6893,2.6,1.6,1.5,2.9
Ross Ohlendorf,8268,0.9,1.2,-0.1,-0.6
Chris Volstad,9901,1.1,-0.1,1.5,0.7
Clayton Richard,3551,2.4,1.5,0.7,0.6
Peter Moylan,4891,-0.3,1.4,0.5,0.2
Dustin Moseley,7060,-0.4,0.4,0.9,0.9
Kyle McClellan,4845,-0.1,0.3,0.5,-0.7
Justin Germano,1938,-0.2,-0.1,1,0.6
Craig Breslow,4363,0.4,0.4,0.9,0.4
Chris Perez,5213,0.8,0.2,0,0.1
Justin Masterson,2038,2.3,1.5,0.1,4.2
Manny Parra,4279,0.3,0.9,2.3,0.5
Armando Galarraga,4222,0.5,0.2,1.2,-0.9
Boone Logan,5525,0.3,0.2,0,0.6
Luke Hochevar,6943,1.6,1,1.3,1.7
Edward Mujica,3970,0,0.5,0.1,0.7
Clay Buchholz,3543,3,0.6,0.4,0.7
Nick Masset,7267,1,1.4,0.1,0.4
Matt Albers,4300,0.1,0.7,0.2,0
Brian Wilson,6485,2.5,2.3,0.6,0.5
Daisuke Matsuzaka,7775,2,0.3,2.6,0.1
Joakim Soria,6941,1.9,1.6,1.3,0.9
Dana Eveland,5508,0,0.1,2.2,0
Andrew Miller,6785,-0.4,0.7,1.6,-0.2
John Danks,6329,4.4,2.7,4.8,3
Casey Janssen,7355,0.3,0.2,0.9,1.1
Josh Johnson,4567,5.9,5.5,1.9,1.6
Mike Pelfrey,5203,2.6,1.7,3.1,0.9
Francisco Liriano,3201,5.7,0.7,1.4,0.7
Jason Vargas,8044,3,0.3,-0.6,2.3
Matt Lindstrom,4604,0.3,0,0.8,0.7
Randy Choate,813,0.4,0.2,0.8,0.5
Ubaldo Jimenez,3374,5.9,5.3,3.8,3
Ricky Nolasco,3830,2,4.1,4,3
Homer Bailey,8362,1.9,1.3,-0.2,1.5
Colby Lewis,1259,4.7,-0.3,0.1,2
Aaron Laffey,6248,0.5,1.1,0.5,-0.7
Tim Lincecum,5705,4.3,7.7,7.1,4
Joe Smith,3281,-0.2,0.2,0.3,1
Phil Hughes,7450,2.6,2.4,0.4,0.7
Andy Sonnanstine,7667,-0.2,0,3.6,-0.8
Jeremy Guthrie,2072,2.5,1.5,2.3,1.9
Shaun Marcum,6204,3.6,1.8,1.1,3.6
Joel Hanrahan,2186,1.2,1,0.7,1.8
Jeff Karstens,5879,0.3,0.3,0.3,0.8
Sean Burnett,1886,1.2,-0.1,-0.5,-0.5
Rafael Perez,4078,0.3,-0.2,1.2,0.6
Grant Balfour,718,1.2,0.8,2.1,0.4
Tim Byrdak,1995,-0.1,-0.5,-0.4,0.6
Jair Jurrjens,5556,1.1,4,3.8,1.3
Mike Adams,1937,1.9,1.4,1,1.8
Blaine Boyer,2237,0,0.3,0.2,0.3
Micah Owings,4253,0,-0.1,1.1,0
Santiago Casilla,2873,0.6,-0.2,0.3,0.5
Ramon Ramirez,7986,0.2,0.3,1.8,0.8
Kevin Slowey,9918,2.3,1.4,2.7,0.3
John Lannan,7080,0.9,1.4,1.4,1.2
Brandon Morrow,9346,3.6,0.1,0.4,3.2
Todd Coffey,2467,0.2,0.8,-0.7,0.4
Matt Capps,4788,1.2,-0.3,1.1,-0.4
Gavin Floyd,3886,4.1,4,2.2,3.2
Tom Gorzelanny,6244,1.9,0.7,-1,0.9
Chad Billingsley,5842,4.2,3,4.4,2.2
Roberto Hernandez,3273,2.6,0,0.5,0.9
Matt Belisle,1837,2,0,2.4,1.1
Kameron Loe,4422,0.4,0.3,1.2,1.2
Chris Ray,6315,0,-0.3,0.4,0.2
Manny Corpas,2807,0.4,0.4,0.7,-0.5
Sean Marshall,5905,1.9,0.7,0.7,2.6
Edinson Volquez,3990,0.8,0.2,4.2,-0.4
Adam Wainwright,2233,5.6,5.7,2.6,4.1
Jonathan Broxton,4759,1,2.7,2.2,1.1
Carlos Villanueva,4138,0.3,0.5,0.7,1.2
Cole Hamels,4972,3.5,3.9,4.8,4.9
Edwin Jackson,1841,3.2,3.3,1.3,3.5
Anibal Sanchez,3284,3.9,0.7,0.3,3.5
Will Ohman,296,0.2,1,0.5,0.2
Jason Hammel,4538,3.2,3.5,-0.3,0.9
Juan Oviedo,2886,1.3,-0.8,0.7,0.1
Javier Lopez,1663,0.5,0.1,0.1,0.5
Scott Feldman,6283,1.1,2.9,0.3,0.2
Carlos Marmol,2790,2.7,0.7,1.4,0.6
Jesse Crain,4817,0.7,0.2,0.5,0.9
Jon Lester,4930,4.8,5.3,4.1,2.7
R.A. Dickey,1245,2.7,-0.4,-0.2,2.5
Joel Peralta,2332,0.8,-0.8,0.8,0.9
Matt Garza,3340,1.9,3,3.1,4.9
Joe Saunders,4366,1.2,0.9,2.3,0.5
Clay Hensley,4593,1.3,0,0,-0.1
Jered Weaver,4235,5.9,3.9,3.2,5.7
Justin Verlander,8700,6.3,7.7,3,6.4
Frank Francisco,1933,1.1,1.1,1.4,0.4
George Sherrill,6291,-0.5,1.5,0.4,0.4
David Aardsma,1902,0.1,1.8,-0.1,-0.6
Brandon League,3731,0.2,0.7,0.1,1.2
James Shields,7059,2,3.5,3.8,4.5
Jonathan Sanchez,7507,2.3,2,2.7,0.5
Chris Capuano,1701,0.6,1.9,4,1.9
D.J. Carrasco,1666,0.3,1.2,0.5,-0.5
J.J. Putz,1795,1.5,0.5,2.1,1.5
Michael Wuertz,1856,-0.1,2.3,0.1,-0.6
Matt Cain,4732,4,3.4,3.7,5
Huston Street,8258,0.8,1.5,1.1,0.4
Wandy Rodriguez,2586,3.6,4.1,2.9,1.8
Zack Greinke,1943,4.7,8.6,4.2,3.9
Paul Maholm,8678,1.5,3.2,2.6,1.9
Joe Blanton,4849,1.7,2.2,1.9,0.6
Felix Hernandez,4772,5.9,6.2,3.3,4.8
C.J. Wilson,3580,4.1,1.8,-0.7,4.9
Rafael Soriano,1100,1.8,2,0.6,0.3
Sergio Mitre,1773,0,0.1,2.4,-0.1
Heath Bell,2080,2.4,2.1,1.2,0.7
Jonathan Papelbon,5975,0.9,1.8,2.7,3
Fernando Rodney,494,0.2,0.1,0.3,-0.4
Zach Duke,3840,0.1,2.4,2,0.6
Matt Guerrier,2061,0.1,0.2,-0.7,0.7
Jeff Francis,4684,1.6,1.4,3.7,1.9
Jorge De La Rosa,2047,1.3,3.3,2.2,1.4
Scott Baker,6176,2.6,3.5,3.3,2.6
Kyle Davies,3642,1.5,0.4,1.5,0.5
Ervin Santana,3200,2.1,0.9,5.5,2.5
Chad Qualls,2170,0,1,1.9,-0.1
Jason Frasor,1906,0.9,1.4,-0.1,0.2
Aaron Heilman,1751,0,0.2,-0.3,-0.3
Chad Gaudin,1783,-1.1,1.8,0.7,0.1
Dontrelle Willis,1703,-0.2,-0.2,0.9,0.8
Kevin Correia,1767,0.2,3.1,0.4,0
Matt Thornton,1918,2.2,2.3,1.7,1.5
Dave Bush,4635,0.2,0.5,1.3,-0.1
Rich Harden,1772,-0.6,1.9,4.5,0.3
Ryan Madson,1852,1.2,1.2,1.3,1.7
Chad Durbin,1442,0.1,-0.4,1.2,-0.4
Jeremy Bonderman,1667,0.7,0.3,2.8,-0.2
Jose Valverde,1726,0.5,0.8,1.1,0.9
Jon Rauch,1475,1.3,0.7,1,-0.6
Shawn Camp,1855,0.2,0.5,0.6,0.3
Scott Kazmir,4897,-0.9,2.2,2,2.7
Kevin Gregg,1793,0.8,-0.3,0.7,-0.3
Brandon Lyon,1312,1.1,0.6,0.7,0.8
Scott Linebrink,564,-0.1,0.1,0.5,-0.3
Rodrigo Lopez,150,0.1,0.4,0.9,-0.4
Scott Downs,773,1.1,0.8,1.1,0.7
Joaquin Benoit,1437,1.6,-0.2,1.8,1.1
Francisco Rodriguez,1642,1.4,0.6,1.5,1.4
Dan Haren,1757,3.8,5.6,6.2,6.1
Brian Fuentes,429,0.2,0.3,2.4,0.1
Cliff Lee,1636,7,6.3,6.7,6.8
Rafael Betancourt,177,1.8,1.4,0.2,1.7
Joe Beimel,979,0,0.3,0.6,-0.2
Octavio Dotel,555,0.7,0.6,0.3,0.1
Francisco Cordero,1243,1.5,1,2.4,0.5
Juan Cruz,273,-0.1,0.5,0.6,0.1
Joel Pineiro,1094,4.6,0.8,0.4,2
Joe Nathan,1122,1.8,1.8,2,-0.1
Gil Meche,1089,0.9,4.2,3.7,-0.4
Ted Lilly,833,3.7,2.8,3.8,2.5
Kyle Lohse,739,0.9,3.2,3,0.6
Jason Marquis,105,3.2,1.7,1.4,-0.4
Trever Miller,1672,0.6,0.6,0.1,0.2
CC Sabathia,404,5.9,7.3,6.4,5.1
Ryan Franklin,1076,0.9,-0.3,0.7,0.3
Kerry Wood,304,0.3,2.1,0.5,0.1
Roy Oswalt,571,3.5,3.7,4.9,4.4
Freddy Garcia,1077,1.5,0.2,3.1,1.4
A.J. Burnett,512,3,5.1,2.3,1.4
Doug Davis,1244,1.4,2.3,2.2,0
Barry Zito,944,2.1,1.3,1.6,1.8
Brad Penny,535,1.8,0.1,4.4,1
Elmer Dessens,317,-0.3,0,0.6,-0.3
Mark Buehrle,225,3,4.2,3.3,3.8
Johan Santana,755,3.3,5.3,4,3.5
Jeff Weaver,503,0.6,0.9,0.3,-0.3
Carl Pavano,790,3.3,0,0.6,2.8
Brian Moehler,480,1.1,1.4,0,0.1
Vicente Padilla,964,1.8,1.1,0.7,0.8
Jon Garland,232,2.1,1.3,3.5,1.1
Chris Carpenter,1292,5.5,5,6.3,3.3
Dennys Reyes,444,0.2,0.4,0.9,-0.2
Ryan Dempster,517,3.6,4.7,0.2,2.6
Guillermo Mota,1467,0.1,0.1,0.2,0.2
Kyle Farnsworth,278,0.6,-0.7,-0.2,0.8
Randy Wolf,976,3.3,2.6,1.9,0.8
Roy Halladay,1303,7,6.8,5.1,6.1
Tim Hudson,921,0.7,2.3,4.9,2.1
Bob Howry,237,0.5,0.2,1.7,-0.7
Kip Wells,1012,0.1,-0.2,0.9,-0.4
Chan Ho Park,1267,1.5,0.3,0.8,0
Javier Vazquez,801,6.5,4.7,4.8,0
Miguel Batista,46,-0.1,-1.4,2.2,-0.4
Jeff Suppan,633,-0.4,0,2.6,-0.1
Derek Lowe,199,2.5,4.8,3.1,2.2
Livan Hernandez,1116,1.6,0.9,0.2,2.9
Kevin Millwood,106,2.1,2.9,2.1,1.3
Bartolo Colon,375,0.2,0.5,1,2.7
LaTroy Hawkins,729,0.4,0.8,0.2,0.8
Jamey Wright,715,-0.4,0.4,0.4,0
Andy Pettitte,840,3.4,3.8,4,2.4
Mariano Rivera,844,2,3.2,2,1.7
Darren Oliver,206,1.2,0.9,0.6,1.5
Trevor Hoffman,1035,1.7,0.4,1.9,-0.4
Tim Wakefield,219,1.7,1.1,1.9,1.2
Arthur Rhodes,1097,1,1.2,0.7,0.9
Pat Misch,5909,-0.3,-0.2,0.5,0.5
Nick Masset,7267,1.4,0.1,0.1,1
Matt Albers,4300,0.7,0.2,0,0.1
Brian Wilson,6485,2.3,0.6,0.1,2.5
Daisuke Matsuzaka,7775,0.3,2.6,2.9,2
Joel Zumaya,4699,-0.3,0.2,2,1.1
Joakim Soria,6941,1.6,1.3,2.1,1.9
Dana Eveland,5508,0.1,2.2,0.1,0
Dallas Braden,8099,2.7,0.6,0.9,3.4
Andrew Miller,6785,0.7,1.6,0.3,-0.4
John Danks,6329,2.7,4.8,0.6,4.4
Casey Janssen,7355,0.2,0.9,1,0.3
Josh Johnson,4567,5.5,1.9,2.6,5.9
Yusmeiro Petit,4020,0.2,0.2,0.2,0.9
Mike Pelfrey,5203,1.7,3.1,0.4,2.6
Francisco Liriano,3201,0.7,1.4,3.6,5.7
Jason Vargas,8044,0.3,-0.6,1.7,3
Jared Burton,8346,0.3,0.5,0.4,0.8
Matt Lindstrom,4604,0,0.8,1.4,0.3
Ubaldo Jimenez,3374,5.3,3.8,0.9,5.9
Ricky Nolasco,3830,4.1,4,1.2,2
Garrett Olson,9889,-0.8,0.9,0,-0.2
Hideki Okajima,7763,0.5,1,1.1,0.1
Homer Bailey,8362,1.3,-0.2,0.5,1.9
Aaron Laffey,6248,1.1,0.5,0.9,0.5
Tim Lincecum,5705,7.7,7.1,3,4.3
Joe Smith,3281,0.2,0.3,0.2,-0.2
Rich Hill,4806,0.5,3.1,1.4,0.1
Phil Hughes,7450,2.4,0.4,1,2.6
Andy Sonnanstine,7667,0,3.6,1.9,-0.2
Eric Stults,8011,0.5,0.3,0.3,1.3
Jeremy Guthrie,2072,1.5,2.3,2.3,2.5
Dustin Nippert,4426,1,0.2,0.2,-0.3
Joel Hanrahan,2186,1,0.7,-0.2,1.2
Jeff Karstens,5879,0.3,0.3,0.2,0.3
Sean Burnett,1886,-0.1,-0.5,0.3,1.2
Rafael Perez,4078,-0.2,1.2,1.3,0.3
Grant Balfour,718,0.8,2.1,0.3,1.2
Tim Byrdak,1995,-0.5,-0.4,0.5,-0.1
Ryan Rowland-Smith,3245,1.5,0.9,0.3,-1.7
Jair Jurrjens,5556,4,3.8,0.2,1.1
Mike Adams,1937,1.4,1,0.7,1.9
Blaine Boyer,2237,0.3,0.2,0.6,0
Micah Owings,4253,-0.1,1.1,1.7,0
Santiago Casilla,2873,-0.2,0.3,0.4,0.6
Ramon Ramirez,7986,0.3,1.8,1.1,0.2
Kevin Slowey,9918,1.4,2.7,0.2,2.3
John Lannan,7080,1.4,1.4,0,0.9
Brandon Morrow,9346,0.1,0.4,0.3,3.6
Todd Coffey,2467,0.8,-0.7,1,0.2
Matt Capps,4788,-0.3,1.1,1.8,1.2
Manny Delcarmen,3180,0,1.1,0.4,-0.6
Gavin Floyd,3886,4,2.2,-0.1,4.1
Tom Gorzelanny,6244,0.7,-1,3.1,1.9
Chad Billingsley,5842,3,4.4,2.2,4.2
Takashi Saito,6021,0.3,1.7,2,1.3
Roberto Hernandez,3273,0,0.5,3.3,2.6
Matt Belisle,1837,0,2.4,0,2
Chris Ray,6315,-0.3,0.4,0.1,0
Tyler Walker,901,0.2,0.2,-0.2,0.2
Manny Corpas,2807,0.4,0.7,1.2,0.4
Sean Marshall,5905,0.7,0.7,1.1,1.9
Edinson Volquez,3990,0.2,4.2,0.5,0.8
Mike MacDougal,612,-0.3,0.2,1.2,-0.1
Scott Olsen,4529,0.1,1,0.5,0.5
Adam Wainwright,2233,5.7,2.6,3.7,5.6
Jonathan Broxton,4759,2.7,2.2,1.9,1
Carlos Villanueva,4138,0.5,0.7,0.4,0.3
Cole Hamels,4972,3.9,4.8,3.9,3.5
Edwin Jackson,1841,3.3,1.3,1.2,3.2
Tony Pena,4573,0.8,1.1,0.7,0.2
Anibal Sanchez,3284,0.7,0.3,0,3.9
Jason Hammel,4538,3.5,-0.3,0.3,3.2
Juan Oviedo,2886,-0.8,0.7,0.4,1.3
Scott Feldman,6283,2.9,0.3,-0.4,1.1
Hong-Chih Kuo,7016,0.4,2.4,0.4,2.3
Carlos Marmol,2790,0.7,1.4,1.7,2.7
Jesse Crain,4817,0.2,0.5,0.9,0.7
Jon Lester,4930,5.3,4.1,0.2,4.8
R.A. Dickey,1245,-0.4,-0.2,0.6,2.7
Matt Garza,3340,3,3.1,1.1,1.9
Joe Saunders,4366,0.9,2.3,1.4,1.2
Brandon McCarthy,4662,1,1.1,0,4.4
Chris Sampson,2651,0.6,1.7,0.3,-0.6
Brian Bannister,5718,2.3,1,2.3,-0.3
Jered Weaver,4235,3.9,3.2,2.9,5.9
Justin Verlander,8700,7.7,3,3.7,6.3
Frank Francisco,1933,1.1,1.4,0.4,1.1
George Sherrill,6291,1.5,0.4,1.1,-0.5
Brian Tallet,1646,1.3,0.7,0.9,-1.3
David Aardsma,1902,1.8,-0.1,0.2,0.1
Brandon League,3731,0.7,0.1,0.6,0.2
James Shields,7059,3.5,3.8,4,2
Jonathan Sanchez,7507,2,2.7,0.1,2.3
D.J. Carrasco,1666,1.2,0.5,0.5,0.3
Michael Wuertz,1856,2.3,0.1,0.7,-0.1
Pedro Feliciano,1601,0.6,-0.1,0.8,0.7
Matt Cain,4732,3.4,3.7,4.1,4
Huston Street,8258,1.5,1.1,1.4,0.8
Bobby Jenks,8645,0.2,1.2,2.2,1.4
Wandy Rodriguez,2586,4.1,2.9,3.1,3.6
Zack Greinke,1943,8.6,4.2,2.1,4.7
Ian Snell,2227,0.8,1.5,3.4,-0.6
Paul Maholm,8678,3.2,2.6,1.8,1.5
Nelson Figueroa,683,0.7,0.4,-0.4,0.7
Joe Blanton,4849,2.2,1.9,5.3,1.7
Felix Hernandez,4772,6.2,3.3,3.5,5.9
C.J. Wilson,3580,1.8,-0.7,0.7,4.1
Jason Grilli,521,0.4,1,0.6,0.4
Rafael Soriano,1100,2,0.6,1.1,1.8
John Maine,4773,0.7,1.7,3.2,-0.3
Todd Wellemeyer,1709,0,2,0.2,-0.8
Sergio Mitre,1773,0.1,2.4,-0.1,0
Heath Bell,2080,2.1,1.2,2.5,2.4
J.P. Howell,8245,0.8,1.3,0.4,-0.5
Michael Gonzalez,1794,1.1,0.2,1.3,0.2
Jonathan Papelbon,5975,1.8,2.7,2.1,0.9
Fernando Rodney,494,0.1,0.3,0.6,0.2
Zach Duke,3840,2.4,2,0.7,0.1
Matt Guerrier,2061,0.2,-0.7,0.7,0.1
Chien-Ming Wang,2074,0.1,1.6,3.7,0.2
Jorge De La Rosa,2047,3.3,2.2,0.4,1.3
Scott Baker,6176,3.5,3.3,2.7,2.6
Kyle Davies,3642,0.4,1.5,0.2,1.5
Robinson Tejeda,2575,1.1,0.4,-0.1,0.8
Ervin Santana,3200,0.9,5.5,0.8,2.1
Chad Qualls,2170,1,1.9,0.8,0
Jason Frasor,1906,1.4,-0.1,1,0.9
Aaron Heilman,1751,0.2,-0.3,0.9,0
Chad Gaudin,1783,1.8,0.7,1.8,-1.1
Erik Bedard,126,1.7,0.9,5,2
Dontrelle Willis,1703,-0.2,0.9,3,-0.2
Chris Young,3196,0,1.4,4.3,1.2
John Grabow,1848,0.2,0,0.3,-0.5
Lance Cormier,4346,0.2,0.5,-1,-0.7
Kevin Correia,1767,3.1,0.4,1.1,0.2
Matt Thornton,1918,2.3,1.7,0.9,2.2
Dave Bush,4635,0.5,1.3,2.2,0.2
Rich Harden,1772,1.9,4.5,0.7,-0.6
Ryan Madson,1852,1.2,1.3,0.4,1.2
Chad Durbin,1442,-0.4,1.2,-0.2,0.1
Jose Valverde,1726,0.8,1.1,1.4,0.5
Luis Ayala,1650,-0.2,0.1,0.2,0
Jon Rauch,1475,0.7,1,1.7,1.3
Shawn Camp,1855,0.5,0.6,-0.4,0.2
Scott Kazmir,4897,2.2,2,4.8,-0.9
Kevin Gregg,1793,-0.3,0.7,1.1,0.8
Brandon Lyon,1312,0.6,0.7,1.5,1.1
Scott Linebrink,564,0.1,0.5,-0.5,-0.1
Brad Lidge,563,-0.7,2.3,0.8,0.3
Rodrigo Lopez,150,0.4,0.9,1.7,0.1
Scott Downs,773,0.8,1.1,1.1,1.1
Francisco Rodriguez,1642,0.6,1.5,1.9,1.4
Dan Haren,1757,5.6,6.2,4.7,3.8
Brian Fuentes,429,0.3,2.4,0.9,0.2
Cliff Lee,1636,6.3,6.7,0.1,7
Rafael Betancourt,177,1.4,0.2,3.3,1.8
Jose Contreras,1660,2.1,2,2.4,0.6
Nate Robertson,1620,0.3,0.9,1.8,0.4
Joe Beimel,979,0.3,0.6,1,0
Jeremy Affeldt,583,0.6,0.6,0.4,0.1
Carlos Silva,973,-0.1,1.2,2.6,1.7
Bruce Chen,769,0,-0.7,1.6,1.1
Oliver Perez,1514,-0.7,1.7,2.7,-1.1
John Lackey,1507,3.3,1.3,5,3.3
Josh Beckett,510,4.2,4.1,5.7,0.9
Mark Hendrickson,1574,0.4,0.8,1.6,0.4
Danys Baez,367,0.1,-0.9,0.9,-0.4
Dan Wheeler,120,0.1,0.2,0.8,0.1
Carlos Zambrano,305,3.7,2.8,2.8,2
Aaron Harang,1451,2.6,1.9,5.4,0.8
Brett Myers,962,-0.5,2.1,1.2,3.9
Aaron Cook,1571,1.4,4.4,2.1,1
Jake Peavy,1051,2.8,3.6,6.7,1.7
Bronson Arroyo,978,2,2.8,3.4,1.7
Ron Mahay,290,-0.4,0.4,0.5,0
A.J. Burnett,512,5.1,2.3,2.9,3
Doug Davis,1244,2.3,2.2,2.8,1.4
J.C. Romero,754,-0.1,0,0,-0.5
Barry Zito,944,1.3,1.6,2.2,2.1
Brad Penny,535,0.1,4.4,3.6,1.8
Mark Buehrle,225,4.2,3.3,1.7,3
Johan Santana,755,5.3,4,6.7,3.3
Adam Eaton,1029,0.5,-0.1,0.4,-0.1
Carl Pavano,790,0,0.6,4.5,3.3
Brian Moehler,480,1.4,0,0.3,1.1
Vicente Padilla,964,1.1,0.7,3.2,1.8
Jon Garland,232,1.3,3.5,3.6,2.1
Justin Speier,451,-0.9,0.5,1,-0.1
Dennys Reyes,444,0.4,0.9,-0.2,0.2
Ryan Dempster,517,4.7,0.2,0.9,3.6
Guillermo Mota,1467,0.1,0.2,-0.3,0.1
Braden Looper,526,1.7,1.4,1.1,-0.5
Kyle Farnsworth,278,-0.7,-0.2,1.1,0.6
Randy Wolf,976,2.6,1.9,-0.1,3.3
Roy Halladay,1303,6.8,5.1,5.1,7
Tim Hudson,921,2.3,4.9,2.5,0.7
Bob Howry,237,0.2,1.7,1.5,0.5
Kip Wells,1012,-0.2,0.9,0.4,0.1
Sidney Ponson,161,0.9,-0.2,0.5,0.3
Chan Ho Park,1267,0.3,0.8,1.9,1.5
Javier Vazquez,801,4.7,4.8,4.7,6.5
Jarrod Washburn,40,1.2,2,1.9,1.9
Billy Wagner,578,1.2,1.6,1.9,2.2
Miguel Batista,46,-1.4,2.2,2.9,-0.1
Jason Isringhausen,1158,-0.2,0.6,-0.9,-0.3
Jeff Suppan,633,0,2.6,1.9,-0.4
Derek Lowe,199,4.8,3.1,4.4,2.5
Livan Hernandez,1116,0.9,0.2,2,1.6
Kevin Millwood,106,2.9,2.1,4.3,2.1
Bartolo Colon,375,0.5,1,0.3,0.2
LaTroy Hawkins,729,0.8,0.2,0.7,0.4
Brett Tomko,1056,0.5,1.2,1,0
Paul Byrd,594,0.6,1.8,1.7,0.2
Jamey Wright,715,0.4,0.4,0.8,-0.4
Russ Springer,1652,0.7,1.4,0.1,0.4
Ron Villone,1010,0,-0.1,-0.1,-0.5
Mike Hampton,430,0.4,1,1.9,0.8
Andy Pettitte,840,3.8,4,3.4,3.4
Eddie Guardado,727,0.6,-0.3,0.8,-0.5
Mariano Rivera,844,3.2,2,2.2,2
Darren Oliver,206,0.9,0.6,0,1.2
Julian Tavarez,541,0.1,0.8,0,0.1
Trevor Hoffman,1035,0.4,1.9,1.3,1.7
David Weathers,902,0.3,1.3,-0.4,-0.6
Pedro Martinez,200,0.3,2.3,6.1,0.5
Tim Wakefield,219,1.1,1.9,1.2,1.7
Arthur Rhodes,1097,1.2,0.7,1.2,1
Matt Capps,4788,1.1,1.8,0.5,-0.3
Manny Delcarmen,3180,1.1,0.4,1,0
Gavin Floyd,3886,2.2,-0.1,-0.6,4
Tom Gorzelanny,6244,-1,3.1,1,0.7
Chad Billingsley,5842,4.4,2.2,0.7,3
Takashi Saito,6021,1.7,2,3.1,0.3
Cla Meredith,7613,0.3,1,1.1,0.2
Roberto Hernandez,3273,0.5,3.3,0.4,0
Tyler Walker,901,0.2,-0.2,0,0.2
Clay Condrey,1579,0.3,0.1,-0.5,0.1
Manny Corpas,2807,0.7,1.2,0.5,0.4
Sean Marshall,5905,0.7,1.1,0.4,0.7
Edinson Volquez,3990,4.2,0.5,-0.2,0.2
Scott Olsen,4529,1,0.5,2.5,0.1
Adam Wainwright,2233,2.6,3.7,1.2,5.7
Jonathan Broxton,4759,2.2,1.9,1.4,2.7
Sean Green,3001,0.7,0.7,0,-0.2
Zach Miner,3193,0.7,0.5,1,0.2
Carlos Villanueva,4138,0.7,0.4,0.5,0.5
Cole Hamels,4972,4.8,3.9,2.6,3.9
Edwin Jackson,1841,1.3,1.2,0.1,3.3
Tony Pena,4573,1.1,0.7,-0.1,0.8
Dustin McGowan,8600,2.2,3.4,0,-0.4
Anibal Sanchez,3284,0.3,0,1.9,0.7
Jason Bergmann,4640,0.8,0.8,-0.1,-0.1
Jason Hammel,4538,-0.3,0.3,0.3,3.5
Juan Oviedo,2886,0.7,0.4,-0.3,-0.8
Scott Feldman,6283,0.3,-0.4,0.3,2.9
Hong-Chih Kuo,7016,2.4,0.4,1.4,0.4
Carlos Marmol,2790,1.4,1.7,-0.4,0.7
Jesse Crain,4817,0.5,0.9,-0.1,0.2
Jon Lester,4930,4.1,0.2,1,5.3
Jeremy Sowers,9083,0.4,-0.1,0.9,0.9
Anthony Reyes,7105,0.5,0.5,0.2,0
R.A. Dickey,1245,-0.2,0.6,1.3,-0.4
Matt Garza,3340,3.1,1.1,0.6,3
Joe Saunders,4366,2.3,1.4,1,0.9
Chris Sampson,2651,1.7,0.3,0.4,0.6
Brian Bannister,5718,1,2.3,0.2,2.3
Shaun Marcum,6204,1.8,1.1,0.3,3.6
Denny Bautista,1947,-0.5,0,0.5,-0.1
Jered Weaver,4235,3.2,2.9,2.5,3.9
Justin Verlander,8700,3,3.7,2.8,7.7
Frank Francisco,1933,1.4,0.4,0.9,1.1
George Sherrill,6291,0.4,1.1,0.9,1.5
Brian Tallet,1646,0.7,0.9,0,1.3
David Aardsma,1902,-0.1,0.2,-0.2,1.8
Brandon League,3731,0.1,0.6,-0.7,0.7
James Shields,7059,3.8,4,1.7,3.5
Jonathan Sanchez,7507,2.7,0.1,0.5,2
Saul Rivera,2027,1.2,1.2,0.1,-0.5
Neal Cotts,1797,0.1,-0.5,1.4,1.7
D.J. Carrasco,1666,0.5,0.5,-0.1,1.2
Michael Wuertz,1856,0.1,0.7,0.4,2.3
Kameron Loe,4422,0.3,1.2,0.7,0.4
Edgar Gonzalez,1727,-0.1,0.3,0.4,0.4
Pedro Feliciano,1601,-0.1,0.8,0.9,0.6
Matt Cain,4732,3.7,4.1,3.8,3.4
Scott Proctor,1911,-0.1,-0.5,1.2,-1.5
Huston Street,8258,1.1,1.4,2.3,1.5
Bobby Jenks,8645,1.2,2.2,1.8,0.2
Wandy Rodriguez,2586,2.9,3.1,1.1,4.1
Zack Greinke,1943,4.2,2.1,2,8.6
Ian Snell,2227,1.5,3.4,1.9,0.8
Paul Maholm,8678,2.6,1.8,1.4,3.2
Nelson Figueroa,683,0.4,-0.4,-0.6,0.7
Joe Blanton,4849,1.9,5.3,3.2,2.2
Felix Hernandez,4772,3.3,3.5,3.3,6.2
Will Ohman,296,1,0.5,0.6,0.2
C.J. Wilson,3580,-0.7,0.7,0,1.8
Jason Grilli,521,1,0.6,0,0.4
John Maine,4773,1.7,3.2,0.9,0.7
Todd Wellemeyer,1709,2,0.2,-0.2,0
Heath Bell,2080,1.2,2.5,0.1,2.1
Javier Lopez,1663,0.1,0.1,0.2,0.5
J.P. Howell,8245,1.3,0.4,0.7,0.8
Michael Gonzalez,1794,0.2,1.3,0.9,1.1
Jonathan Papelbon,5975,2.7,2.1,3.1,1.8
Justin Miller,1313,0.3,1.2,-0.1,-0.4
Joel Peralta,2332,-0.8,0.8,0.6,0.8
Fernando Rodney,494,0.3,0.6,0.5,0.1
Zach Duke,3840,2,0.7,3.2,2.4
Clay Hensley,4593,0,0,2.5,1.3
Matt Guerrier,2061,-0.7,0.7,0,0.2
Seth McClung,1657,0.8,-0.2,-0.1,-0.9
Brian Bruney,1929,0.6,-0.2,-0.3,-0.1
Chien-Ming Wang,2074,1.6,3.7,3.8,0.1
Jorge De La Rosa,2047,2.2,0.4,-0.3,3.3
Brad Thompson,4911,0.5,-0.9,0.3,0.1
Scott Baker,6176,3.3,2.7,0.6,3.5
Kyle Davies,3642,1.5,0.2,-0.2,0.4
Robinson Tejeda,2575,0.4,-0.1,0.5,1.1
Ervin Santana,3200,5.5,0.8,3,0.9
Chad Qualls,2170,1.9,0.8,0.2,1
Jason Frasor,1906,-0.1,1,0.2,1.4
Aaron Heilman,1751,-0.3,0.9,1.7,0.2
J.J. Putz,1795,0.5,2.1,3.4,1.5
Chad Gaudin,1783,0.7,1.8,0.1,1.8
Erik Bedard,126,0.9,5,4.6,1.7
Chris Young,3196,1.4,4.3,2.2,0
John Grabow,1848,0,0.3,0.6,0.2
Lance Cormier,4346,0.5,-1,0.1,0.2
Daniel Cabrera,1931,0.2,1.7,2.6,-0.3
Kevin Correia,1767,0.4,1.1,1,3.1
Matt Thornton,1918,1.7,0.9,0.9,2.3
Dave Bush,4635,1.3,2.2,3.8,0.5
Rich Harden,1772,4.5,0.7,3.6,1.9
Ryan Madson,1852,1.3,0.4,0.9,1.2
Chad Durbin,1442,1.2,-0.2,-0.4,-0.4
Jose Valverde,1726,1.1,1.4,0.9,0.8
Luis Ayala,1650,0.1,0.2,0.3,-0.2
Jon Rauch,1475,1,1.7,0.5,0.7
Shawn Camp,1855,0.6,-0.4,0.4,0.5
Scott Kazmir,4897,2,4.8,3.6,2.2
Jeff Francis,4684,1.4,3.7,3.5,1.6
Kevin Gregg,1793,0.7,1.1,0.7,-0.3
Brandon Lyon,1312,0.7,1.5,0.7,0.6
Scott Linebrink,564,0.5,-0.5,1,0.1
Brad Lidge,563,2.3,0.8,1.1,-0.7
Scott Downs,773,1.1,1.1,0.5,0.8
Francisco Rodriguez,1642,1.5,1.9,2.4,0.6
Jeremy Bonderman,1667,0.3,2.8,5.6,0.7
Juan Rincon,752,-0.4,-0.4,1.4,0
Dan Haren,1757,6.2,4.7,3.8,5.6
Brian Fuentes,429,2.4,0.9,0.9,0.3
Cliff Lee,1636,6.7,0.1,2.3,6.3
Rafael Betancourt,177,0.2,3.3,0.8,1.4
Jose Contreras,1660,2,2.4,4,2.1
Claudio Vargas,1695,0.2,0.7,1.9,0.3
Nate Robertson,1620,0.9,1.8,2.2,0.3
Joe Beimel,979,0.6,1,0.2,0.3
Jeremy Affeldt,583,0.6,0.4,-0.5,0.6
Josh Fogg,989,-0.4,1.3,1.7,-0.1
Scot Shields,35,0.6,0.8,1.6,-0.5
Carlos Silva,973,1.2,2.6,-0.5,-0.1
Oliver Perez,1514,1.7,2.7,0.1,-0.7
John Lackey,1507,1.3,5,5.3,3.3
Tim Redding,573,1.2,0.2,-0.5,0.3
Joaquin Benoit,1437,-0.2,1.8,1.2,1.6
Josh Beckett,510,4.1,5.7,1,4.2
Mark Hendrickson,1574,0.8,1.6,2.1,0.4
Dan Wheeler,120,0.2,0.8,1.7,0.1
Carlos Zambrano,305,2.8,2.8,3.9,3.7
Aaron Harang,1451,1.9,5.4,5.7,2.6
Brett Myers,962,2.1,1.2,3.5,-0.5
Aaron Cook,1571,4.4,2.1,3.6,1.4
Jake Peavy,1051,3.6,6.7,4.4,2.8
Bronson Arroyo,978,2.8,3.4,4.6,2
Ron Mahay,290,0.4,0.5,0.3,-0.4
Octavio Dotel,555,0.6,0.3,1.6,0.7
Francisco Cordero,1243,1,2.4,1.3,1.5
Juan Cruz,273,0.5,0.6,1.6,-0.1
Ben Sheets,710,4.7,2.5,4,0.7
Jake Westbrook,412,0.3,1.7,3.6,1.8
Joel Pineiro,1094,0.8,0.4,0.4,4.6
Matt Herges,780,0.4,0.4,0.3,0.2
Joe Nathan,1122,1.8,2,3.1,1.8
Gil Meche,1089,4.2,3.7,1.9,0.9
Ted Lilly,833,2.8,3.8,2.1,3.7
Kyle Lohse,739,3.2,3,1.5,0.9
Jason Marquis,105,1.7,1.4,-0.5,3.2
Trever Miller,1672,0.6,0.1,0.6,0.6
CC Sabathia,404,7.3,6.4,5,5.9
Ryan Franklin,1076,-0.3,0.7,-0.6,0.9
Kerry Wood,304,2.1,0.5,2.9,0.3
Roy Oswalt,571,3.7,4.9,6.1,3.5
Freddy Garcia,1077,0.2,3.1,4,1.5
Ryan Dempster,517,0.2,0.9,1.8,4.7
Ramon Ortiz,27,0.1,0.2,0.3,-0.3
Guillermo Mota,1467,0.2,-0.3,0.6,0.1
Scott Schoeneweis,33,-0.4,0.2,0.9,-0.4
Elmer Dessens,317,0,0.6,0.5,-0.3
Braden Looper,526,1.4,1.1,-0.6,1.7
Kyle Farnsworth,278,-0.2,1.1,1.5,-0.7
Randy Wolf,976,1.9,-0.1,0.7,2.6
Rudy Seanez,1279,0.5,-0.2,1.5,0.2
Jeff Weaver,503,0.9,0.3,2.4,0.6
Roy Halladay,1303,5.1,5.1,3.8,6.8
Tim Hudson,921,4.9,2.5,1.8,2.3
Bob Howry,237,1.7,1.5,1.4,0.2
Kip Wells,1012,0.9,0.4,0.4,-0.2
Sidney Ponson,161,-0.2,0.5,1,0.9
Javier Vazquez,801,4.8,4.7,3.5,4.7
Jarrod Washburn,40,2,1.9,2,1.2
Doug Brocail,551,0,1.1,0.8,0.7
Russ Ortiz,1124,0.4,-1,-0.3,0.5
Salomon Torres,1628,0.1,1.1,0.3,0.3
Billy Wagner,578,1.6,1.9,2.1,1.2
Miguel Batista,46,2.2,2.9,0.5,-1.4
Jason Isringhausen,1158,0.6,-0.9,0.7,-0.2
Troy Percival,29,0.7,0.1,0.2,-0.8
Jeff Suppan,633,2.6,1.9,1.8,0
Derek Lowe,199,3.1,4.4,2.8,4.8
Livan Hernandez,1116,0.2,2,2.4,0.9
Kevin Millwood,106,2.1,4.3,3.4,2.9
Bartolo Colon,375,1,0.3,4.1,0.5
LaTroy Hawkins,729,0.2,0.7,0.2,0.8
Brett Tomko,1056,1.2,1,2.3,0.5
Paul Byrd,594,1.8,1.7,3.3,0.6
Jamey Wright,715,0.4,0.8,0.6,0.4
Russ Springer,1652,1.4,0.1,0.2,0.7
Ron Villone,1010,-0.1,-0.1,0.7,0
Alan Embree,1030,1.1,1.1,-0.3,0
Jon Lieber,287,1.4,2.4,3.1,-0.1
Andy Pettitte,840,4,3.4,5.8,3.8
Mariano Rivera,844,2,2.2,2.9,3.2
Darren Oliver,206,0.6,0,0,0.9
Julian Tavarez,541,0.8,0,0.3,0.1
Steve Trachsel,898,0.4,0.5,0.1,-0.8
Trevor Hoffman,1035,1.9,1.3,1.7,0.4
David Weathers,902,1.3,-0.4,0.7,0.3
Todd Jones,436,0.7,1,2.4,-0.5
Tim Wakefield,219,1.9,1.2,1.8,1.1
Mike Timlin,1187,0,0.2,1.8,-0.5
Mike Mussina,837,2.6,5.2,2.6,4.6
John Smoltz,115,5.5,5.5,5.2,1.3
Kenny Rogers,1277,0.4,2.1,3.1,0.7
Randy Johnson,60,1.6,3.2,4.1,3.7
Todd Coffey,2467,-0.7,1,0.2,0.8
Tyler Yates,1527,0.5,-0.1,0.2,0.2
Michael Wuertz,1856,0.7,0.4,1.1,0.1
Matt Belisle,1837,2.4,0,0.4,0
Kameron Loe,4422,1.2,0.7,0.9,0.3
Chris Ray,6315,0.4,0.1,0.5,-0.3
Edgar Gonzalez,1727,0.3,0.4,-0.7,-0.1
Pedro Feliciano,1601,0.8,0.9,0.2,-0.1
Matt Cain,4732,4.1,3.8,0.7,3.7
Scott Proctor,1911,-0.5,1.2,-0.3,-0.1
Huston Street,8258,1.4,2.3,1.7,1.1
Mike MacDougal,612,0.2,1.2,0.6,-0.3
Bobby Jenks,8645,2.2,1.8,1,1.2
Wandy Rodriguez,2586,3.1,1.1,0.4,2.9
Zack Greinke,1943,2.1,2,1.8,4.2
Ian Snell,2227,3.4,1.9,0.1,1.5
Paul Maholm,8678,1.8,1.4,0.6,2.6
Joe Blanton,4849,5.3,3.2,2.2,1.9
Felix Hernandez,4772,3.5,3.3,2.3,3.3
Will Ohman,296,0.5,0.6,0,1
C.J. Wilson,3580,0.7,0,0.3,-0.7
Jason Grilli,521,0.6,0,-0.2,1
John Maine,4773,3.2,0.9,-0.3,1.7
Randy Flores,1446,1.1,0,0.3,-0.6
Todd Wellemeyer,1709,0.2,-0.2,-0.5,2
Heath Bell,2080,2.5,0.1,0.7,1.2
Javier Lopez,1663,0.1,0.2,0.7,0.1
Colby Lewis,1259,-0.3,0.1,-0.1,4.7
Oscar Villarreal,1654,0.4,0,1.2,-1
J.P. Howell,8245,0.4,0.7,0.2,1.3
Jonathan Papelbon,5975,2.1,3.1,0.3,2.7
Justin Miller,1313,1.2,-0.1,0.2,0.3
Joel Peralta,2332,0.8,0.6,0,-0.8
Fernando Rodney,494,0.6,0.5,0.4,0.3
Cha Seung Baek,8214,1.5,0.1,0.3,1.5
Brandon McCarthy,4662,1.1,0,0.5,1
Zach Duke,3840,0.7,3.2,2.2,2
Clay Hensley,4593,0,2.5,0.7,0
Matt Guerrier,2061,0.7,0,0.3,-0.7
Brian Bruney,1929,-0.2,-0.3,0.2,0.6
Chien-Ming Wang,2074,3.7,3.8,1.4,1.6
Jorge De La Rosa,2047,0.4,-0.3,0.3,2.2
Brad Thompson,4911,-0.9,0.3,0.1,0.5
Scott Baker,6176,2.7,0.6,0.9,3.3
Kyle Davies,3642,0.2,-0.2,0.7,1.5
Robinson Tejeda,2575,-0.1,0.5,1.3,0.4
Ervin Santana,3200,0.8,3,1.6,5.5
Chad Qualls,2170,0.8,0.2,0.7,1.9
Dave Borkowski,2002,0.1,0.4,1.1,-0.5
Jason Frasor,1906,1,0.2,0.6,-0.1
Aaron Heilman,1751,0.9,1.7,2.1,-0.3
J.J. Putz,1795,2.1,3.4,-0.1,0.5
Chad Gaudin,1783,1.8,0.1,0.3,0.7
Erik Bedard,126,5,4.6,3.4,0.9
Chris Young,3196,4.3,2.2,3.4,1.4
John Grabow,1848,0.3,0.6,0,0
Vinnie Chulk,1838,0.9,0.3,0.1,-0.3
Lance Cormier,4346,-1,0.1,0.1,0.5
Geoff Geary,1813,-0.3,1.2,0.4,0.6
Daniel Cabrera,1931,1.7,2.6,2.5,0.2
Kevin Correia,1767,1.1,1,-0.4,0.4
Matt Thornton,1918,0.9,0.9,-0.9,1.7
Rafael Soriano,1100,0.6,1.1,1.6,2
Dave Bush,4635,2.2,3.8,1.2,1.3
Ryan Madson,1852,0.4,0.9,0.8,1.3
Sergio Mitre,1773,2.4,-0.1,-0.1,0.1
Jose Valverde,1726,1.4,0.9,1.6,1.1
Luis Ayala,1650,0.2,0.3,1.8,0.1
Jon Rauch,1475,1.7,0.5,0.3,1
Shawn Camp,1855,-0.4,0.4,0.2,0.6
Jerome Williams,1137,-0.3,0.8,1,0.3
Scott Kazmir,4897,4.8,3.6,3.6,2
Jeff Francis,4684,3.7,3.5,2,1.4
Brad Hennessey,3720,0.1,-0.2,0.3,-0.2
Kevin Gregg,1793,1.1,0.7,0,0.7
Brandon Lyon,1312,1.5,0.7,0.6,0.7
Chris Capuano,1701,1.9,4,2.2,0.6
Gary Glover,234,-0.2,0.8,0.3,0
Jason Davis,1598,-0.4,1.1,0.2,0
Wil Ledezma,1669,-0.4,1,-0.2,0.1
Scott Linebrink,564,-0.5,1,1.8,0.5
Dontrelle Willis,1703,0.9,3,6.5,-0.2
Brad Lidge,563,0.8,1.1,2.5,2.3
Scott Downs,773,1.1,0.5,1,1.1
Kiko Calero,1676,0.2,1.5,0.7,1.5
Francisco Rodriguez,1642,1.9,2.4,1.5,1.5
Brandon Webb,1692,6.2,6.5,4.8,5.5
Brian Shouse,630,1.2,-0.2,0,0.4
Jeremy Bonderman,1667,2.8,5.6,3.2,0.3
Juan Rincon,752,-0.4,1.4,2.2,-0.4
Dan Haren,1757,4.7,3.8,3.7,6.2
Brian Fuentes,429,0.9,0.9,1.5,2.4
Cliff Lee,1636,0.1,2.3,3.8,6.7
Jimmy Gobble,1791,0.3,0.8,-0.3,-0.3
Rafael Betancourt,177,3.3,0.8,1.5,0.2
Jose Contreras,1660,2.4,4,3.3,2
Horacio Ramirez,110,0,0.9,0.4,0.4
Claudio Vargas,1695,0.7,1.9,0.6,0.2
Nate Robertson,1620,1.8,2.2,1.4,0.9
Joe Beimel,979,1,0.2,-0.4,0.6
Jeremy Affeldt,583,0.4,-0.5,0.3,0.6
Josh Fogg,989,1.3,1.7,0.5,-0.4
Scot Shields,35,0.8,1.6,2.2,0.6
David Riske,402,0.1,0,-0.1,-0.4
Carlos Silva,973,2.6,-0.5,2.1,1.2
Jorge Sosa,1228,1.5,-0.9,1.1,-0.2
Oliver Perez,1514,2.7,0.1,-0.8,1.7
John Lackey,1507,5,5.3,5.3,1.3
Tim Redding,573,0.2,-0.5,0.2,1.2
Rodrigo Lopez,150,0.9,1.7,2,0.4
Joaquin Benoit,1437,1.8,1.2,1.5,-0.2
Josh Beckett,510,5.7,1,4.2,4.1
Mark Hendrickson,1574,1.6,2.1,1.6,0.8
Jorge Julio,148,0,0.4,-0.3,0.1
Dan Wheeler,120,0.8,1.7,1.1,0.2
Jesus Colome,1198,0.3,-0.3,0.6,0.2
Brandon Duckworth,954,0,0.5,-0.5,0.4
Carlos Zambrano,305,2.8,3.9,4.2,2.8
Aaron Harang,1451,5.4,5.7,4.6,1.9
Brett Myers,962,1.2,3.5,3.4,2.1
Aaron Cook,1571,2.1,3.6,1,4.4
Jake Peavy,1051,6.7,4.4,5.4,3.6
Bronson Arroyo,978,3.4,4.6,2.4,2.8
Ron Mahay,290,0.5,0.3,-0.3,0.4
Octavio Dotel,555,0.3,1.6,1.7,0.6
Francisco Cordero,1243,2.4,1.3,1.4,1
Juan Cruz,273,0.6,1.6,-0.2,0.5
Ben Sheets,710,2.5,4,3.7,4.7
Jamie Walker,502,0.8,0.5,0.3,-0.9
Luis Vizcaino,714,0.3,0.6,0.3,0
Damaso Marte,247,1,0.6,0.2,1.2
Jake Westbrook,412,1.7,3.6,2.9,0.3
Joel Pineiro,1094,0.4,0.4,1.8,0.8
Matt Herges,780,0.4,0.3,0,0.4
Chad Bradford,904,1.1,1.5,0.1,0.4
Jason Jennings,434,0.4,4.2,1.4,0.1
Joe Nathan,1122,2,3.1,2.6,1.8
Gil Meche,1089,3.7,1.9,0.5,4.2
Ted Lilly,833,3.8,2.1,0.5,2.8
Eric Gagne,650,0.9,3.4,4.7,-0.9
Kyle Lohse,739,3,1.5,1.6,3.2
Jason Marquis,105,1.4,-0.5,0.7,1.7
Shawn Chacon,424,0.5,-1.1,1.5,-0.2
Danys Baez,367,-0.9,0.9,0.4,0.1
Trever Miller,1672,0.1,0.6,-0.3,0.6
CC Sabathia,404,6.4,5,3.6,7.3
Casey Fossum,188,-0.3,0.4,1.5,0.1
Ryan Franklin,1076,0.7,-0.6,0.9,-0.3
Roy Oswalt,571,4.9,6.1,6.1,3.7
A.J. Burnett,512,2.3,2.9,5,5.1
Doug Davis,1244,2.2,2.8,3.7,2.3
J.C. Romero,754,0,0,-0.5,-0.1
Mark Redman,491,0.3,1.2,2.1,0.1
Barry Zito,944,1.6,2.2,3,1.3
Odalis Perez,668,1.1,1.3,1.6,1.4
Brad Penny,535,4.4,3.6,3.5,0.1
Mark Buehrle,225,3.3,1.7,5.9,4.2
Johan Santana,755,4,6.7,7.1,5.3
Adam Eaton,1029,-0.1,0.4,1.7,0.5
Brian Moehler,480,0,0.3,2.1,1.4
Vicente Padilla,964,0.7,3.2,0.6,1.1
Jon Garland,232,3.5,3.6,3.5,1.3
Tomo Ohka,788,-0.1,0.9,1.6,-0.8
Scott Eyre,1300,0.2,0.2,1.5,0
Justin Speier,451,0.5,1,0.4,-0.9
Sidney Ponson,161,0.5,1,3,-0.2
Dennys Reyes,444,0.9,-0.2,1.1,0.4
Glendon Rusch,707,-0.9,2.3,2.8,0.9
Javier Vazquez,801,4.7,3.5,2,4.8
Jarrod Washburn,40,1.9,2,1.7,2
Russ Ortiz,1124,-1,-0.3,1.6,0.4
Salomon Torres,1628,1.1,0.3,1.3,0.1
Matt Morris,1172,2.3,2.7,1.1,2.5
Chris Carpenter,1292,5,6.3,3.1,5.5
Billy Wagner,578,1.9,2.1,1.5,1.6
Miguel Batista,46,2.9,0.5,1.6,2.2
Jason Isringhausen,1158,-0.9,0.7,1.7,0.6
Chan Ho Park,1267,0.8,1.9,-0.3,0.3
Jeff Suppan,633,1.9,1.8,1.4,2.6
Derek Lowe,199,4.4,2.8,2.2,3.1
Livan Hernandez,1116,2,2.4,4.4,0.2
Kevin Millwood,106,4.3,3.4,2.9,2.1
Bartolo Colon,375,0.3,4.1,1.4,1
LaTroy Hawkins,729,0.7,0.2,1.4,0.2
Brett Tomko,1056,1,2.3,2.7,1.2
Steve Kline,1164,0.2,-0.7,0.6,0.2
Paul Byrd,594,1.7,3.3,1.7,1.8
Keith Foulke,231,0.1,-0.4,1.6,-0.5
Jamey Wright,715,0.8,0.6,0.6,0.4
Kelvim Escobar,1298,4,1.5,4.2,4.8
Ron Villone,1010,-0.1,0.7,0.3,-0.1
Mike Myers,68,0.2,0.1,-0.1,-0.2
Armando Benitez,865,-0.3,-0.2,1.6,-0.1
Alan Embree,1030,1.1,-0.3,0.4,1.1
Hector Carrasco,1240,0.7,1.3,-0.1,-0.5
Rick White,456,0.1,0.5,-0.9,-0.2
Jon Lieber,287,2.4,3.1,3.5,1.4
Andy Pettitte,840,3.4,5.8,1.9,4
Mariano Rivera,844,2.2,2.9,2.5,2
Esteban Loaiza,1310,2.4,4.7,1.2,-0.5
Darren Oliver,206,0,0,2.2,0.6
Julian Tavarez,541,0,0.3,1.3,0.8
Eddie Guardado,727,-0.3,0.8,0.2,0.6
Steve Trachsel,898,0.5,0.1,1.5,0.4
Trevor Hoffman,1035,1.3,1.7,1.8,1.9
Bob Wickman,413,1.6,-0.3,0.7,0.3
David Weathers,902,-0.4,0.7,-0.3,1.3
Todd Jones,436,1,2.4,0.9,0.7
Tim Wakefield,219,1.2,1.8,1.4,1.9
Woody Williams,1190,1.2,1.1,2.9,0.6
Pedro Martinez,200,2.3,6.1,4.9,0.3
Aaron Sele,34,1.2,0.1,0.6,0
Roberto Hernandez,605,0.3,1,-0.2,-0.2
Mike Stanton,849,1.2,0.3,0.6,0.4
Mike Timlin,1187,0.2,1.8,0.7,0
Arthur Rhodes,1097,0.7,1.2,-0.6,1.2
Mike Mussina,837,5.2,2.6,3,2.6
Tom Gordon,282,0.7,0.9,2.8,-0.2
Curt Schilling,73,4.6,1.7,6.5,2.3
John Smoltz,115,5.5,5.2,2.1,5.5
Kenny Rogers,1277,2.1,3.1,3.2,0.4
Jose Mesa,961,-0.3,-0.3,0.6,-0.5
Randy Johnson,60,3.2,4.1,9.6,1.6
David Wells,855,0.9,3,3.1,1
Chad Qualls,2170,0.2,0.7,0.3,0.8
Neal Cotts,1797,-0.5,1.4,-0.2,0.1
Jason Frasor,1906,0.2,0.6,0.8,1
Aaron Heilman,1751,1.7,2.1,-0.5,0.9
J.J. Putz,1795,3.4,-0.1,-0.2,2.1
Chad Gaudin,1783,0.1,0.3,0.2,1.8
Erik Bedard,126,4.6,3.4,2.4,5
Kyle Snyder,1689,0.3,0.3,1,-0.5
Chris Young,3196,2.2,3.4,0.5,4.3
John Grabow,1848,0.6,0,0.3,0.3
Vinnie Chulk,1838,0.3,0.1,0.2,0.9
Lance Cormier,4346,0.1,0.1,-0.9,-1
Geoff Geary,1813,1.2,0.4,-0.2,-0.3
Daniel Cabrera,1931,2.6,2.5,1.3,1.7
Chad Cordero,1816,0.1,1,0.9,0.5
Duaner Sanchez,1518,0.8,0.6,0,0.2
Kevin Correia,1767,1,-0.4,0,1.1
Matt Thornton,1918,0.9,-0.9,0.2,0.9
Rafael Soriano,1100,1.1,1.6,0.4,0.6
Dave Bush,4635,3.8,1.2,1.9,2.2
Ryan Madson,1852,0.9,0.8,1.3,0.4
Sergio Mitre,1773,-0.1,-0.1,0.5,2.4
Noah Lowry,1833,1.3,3.5,1.6,1.2
Scott Dohmann,1936,-0.7,-0.1,0.3,0
Michael Gonzalez,1794,1.3,0.9,1.6,0.2
Akinori Otsuka,1895,1.8,0.6,1.8,1
Jose Valverde,1726,0.9,1.6,1.1,1.4
Jon Rauch,1475,0.5,0.3,0.9,1.7
Shawn Camp,1855,0.4,0.2,0.2,-0.4
Scott Kazmir,4897,3.6,3.6,0.5,4.8
Jeff Francis,4684,3.5,2,0.3,3.7
Seth McClung,1657,-0.2,-0.1,-0.2,0.8
Brad Hennessey,3720,-0.2,0.3,0.6,0.1
Justin Duchscherer,910,1.5,1.9,0,2.5
Kevin Gregg,1793,0.7,0,1.4,1.1
Mike Wood,1806,-0.3,-0.7,0.7,-0.2
Brandon Lyon,1312,0.7,0.6,-0.2,1.5
Chris Capuano,1701,4,2.2,0.4,1.9
Victor Santos,446,0.9,0.6,2.4,-0.8
Brandon Backe,1529,0.4,1.1,0.5,-0.4
Jae Seo,895,0,1.9,0.3,-0.2
Joe Borowski,267,0.7,0,1.8,0.6
Jason Davis,1598,1.1,0.2,0.8,-0.4
Wil Ledezma,1669,1,-0.2,1,-0.4
Scott Linebrink,564,1,1.8,1.4,-0.5
Dontrelle Willis,1703,3,6.5,3.1,0.9
Brad Lidge,563,1.1,2.5,3.7,0.8
Doug Waechter,1814,0.4,0.6,-0.9,0.3
Ryan Vogelsong,1011,0.1,0,0.2,2.1
Rich Harden,1772,0.7,3.6,4.1,4.5
Scott Downs,773,0.5,1,0.4,1.1
Kiko Calero,1676,1.5,0.7,0.7,0.2
Francisco Rodriguez,1642,2.4,1.5,3.7,1.9
Brandon Webb,1692,6.5,4.8,2.6,6.2
Brian Shouse,630,-0.2,0,0.6,1.2
Jeremy Bonderman,1667,5.6,3.2,2.4,2.8
Juan Rincon,752,1.4,2.2,2.4,-0.4
Dan Haren,1757,3.8,3.7,0.5,4.7
Brian Fuentes,429,0.9,1.5,0.6,0.9
Cliff Lee,1636,2.3,3.8,1.1,0.1
Jimmy Gobble,1791,0.8,-0.3,0.8,0.3
Rafael Betancourt,177,0.8,1.5,1.8,3.3
Jose Contreras,1660,4,3.3,1.1,2.4
Horacio Ramirez,110,0.9,0.4,0.3,0
Kirk Saarloos,1516,-0.4,1.5,0.6,-0.4
Claudio Vargas,1695,1.9,0.6,-1.1,0.7
Nate Robertson,1620,2.2,1.4,2,1.8
Joe Beimel,979,0.2,-0.4,0,1
Josh Towers,1489,-0.5,3.6,1.1,0.6
Jeremy Affeldt,583,-0.5,0.3,1,0.4
Josh Fogg,989,1.7,0.5,1.7,1.3
Scot Shields,35,1.6,2.2,2.1,0.8
David Riske,402,0,-0.1,0.1,0.1
Carlos Silva,973,-0.5,2.1,2.6,2.6
Jorge Sosa,1228,-0.9,1.1,0.2,1.5
Oliver Perez,1514,0.1,-0.8,4.5,2.7
John Lackey,1507,5.3,5.3,3.1,5
Rodrigo Lopez,150,1.7,2,2.7,0.9
Joaquin Benoit,1437,1.2,1.5,1,1.8
Josh Beckett,510,1,4.2,3.3,5.7
Mark Hendrickson,1574,2.1,1.6,2.2,1.6
Brendan Donnelly,1441,0.2,0.4,0.7,-0.8
Jorge Julio,148,0.4,-0.3,0,0
Dan Wheeler,120,1.7,1.1,0.3,0.8
Mike Maroth,1508,-0.1,2,2.6,-1.1
Brandon Duckworth,954,0.5,-0.5,0.5,0
Carlos Zambrano,305,3.9,4.2,4.7,2.8
Aaron Harang,1451,5.7,4.6,1.8,5.4
Brett Myers,962,3.5,3.4,1.1,1.2
John Patterson,71,1,4.3,0.8,-0.3
Aaron Cook,1571,3.6,1,1.2,2.1
Jake Peavy,1051,4.4,5.4,4.1,6.7
Matt Wise,42,0,0.8,0.6,0.6
Bronson Arroyo,978,4.6,2.4,3.3,3.4
Ron Mahay,290,0.3,-0.3,0.9,0.5
Francisco Cordero,1243,1.3,1.4,2.7,2.4
Juan Cruz,273,1.6,-0.2,0.5,0.6
Ben Sheets,710,4,3.7,8,2.5
Jamie Walker,502,0.5,0.3,1,0.8
Luis Vizcaino,714,0.6,0.3,0.4,0.3
Damaso Marte,247,0.6,0.2,0.5,1
Jake Westbrook,412,3.6,2.9,3,1.7
Joel Pineiro,1094,0.4,1.8,1.8,0.4
Ray King,693,-0.2,-0.1,0.8,-0.5
Matt Herges,780,0.3,0,1.6,0.4
Chad Bradford,904,1.5,0.1,0.6,1.1
Jason Jennings,434,4.2,1.4,1.5,0.4
Joe Nathan,1122,3.1,2.6,3,2
Gil Meche,1089,1.9,0.5,1.1,3.7
Ted Lilly,833,2.1,0.5,3,3.8
Kyle Lohse,739,1.5,1.6,1,3
Jason Marquis,105,-0.5,0.7,1.8,1.4
Shawn Chacon,424,-1.1,1.5,-1.1,0.5
Danys Baez,367,0.9,0.4,0.5,-0.9
Trever Miller,1672,0.6,-0.3,0.9,0.1
CC Sabathia,404,5,3.6,2.8,6.4
Casey Fossum,188,0.4,1.5,0.1,-0.3
Byung-Hyun Kim,61,2.4,1.3,2.3,-0.2
Joe Kennedy,1217,0.8,1,2.8,0.4
Ryan Franklin,1076,-0.6,0.9,1.3,0.7
Roy Oswalt,571,6.1,6.1,6.5,4.9
A.J. Burnett,512,2.9,5,2.9,2.3
Doug Davis,1244,2.8,3.7,4.4,2.2
Bruce Chen,769,-0.7,1.6,0.6,0
J.C. Romero,754,0,-0.5,1,0
Mark Redman,491,1.2,2.1,1.4,0.3
Barry Zito,944,2.2,3,3.1,1.6
Odalis Perez,668,1.3,1.6,2.9,1.1
Brad Penny,535,3.6,3.5,3,4.4
Mark Buehrle,225,1.7,5.9,4.5,3.3
Johan Santana,755,6.7,7.1,6.8,4
Adam Eaton,1029,0.4,1.7,2.4,-0.1
Aaron Fultz,1113,0.8,0.6,0.1,0.3
Tony Armas Jr.,761,0.9,-0.4,-0.1,0
Brian Moehler,480,0.3,2.1,0.3,0
Vicente Padilla,964,3.2,0.6,1.3,0.7
Jon Garland,232,3.6,3.5,1.9,3.5
Tomo Ohka,788,0.9,1.6,1.1,-0.1
Scott Eyre,1300,0.2,1.5,-0.2,0.2
B.J. Ryan,168,2.7,2.6,3.3,0.8
Justin Speier,451,1,0.4,0.4,0.5
Freddy Garcia,1077,3.1,4,4.8,0.2
Ryan Dempster,517,0.9,1.8,0.7,0.2
Orlando Hernandez,823,2.7,1.3,1.7,1.4
Ramon Ortiz,27,0.2,0.3,0.8,0.1
Guillermo Mota,1467,-0.3,0.6,1.3,0.2
Scott Schoeneweis,33,0.2,0.9,0.9,-0.4
Scott Elarton,426,-1.1,0.8,0.2,-1
Elmer Dessens,317,0.6,0.5,0.8,0
Braden Looper,526,1.1,-0.6,1.7,1.4
Kyle Farnsworth,278,1.1,1.5,0.3,-0.2
Randy Wolf,976,-0.1,0.7,1.7,1.9
Rudy Seanez,1279,-0.2,1.5,0.9,0.5
Jeff Weaver,503,0.3,2.4,4.3,0.9
Eric Milton,743,1,0.5,1.4,0.5
Roy Halladay,1303,5.1,3.8,2.8,5.1
Tim Hudson,921,2.5,1.8,4.6,4.9
Bob Howry,237,1.5,1.4,0.4,1.7
Kip Wells,1012,0.4,0.4,1.9,0.9
Billy Wagner,578,2.1,1.5,2.3,1.9
Miguel Batista,46,0.5,1.6,4.3,2.9
Jason Isringhausen,1158,0.7,1.7,0.9,-0.9
Chan Ho Park,1267,1.9,-0.3,1,0.8
Jeff Suppan,633,1.8,1.4,2.7,1.9
Derek Lowe,199,2.8,2.2,2.4,4.4
Livan Hernandez,1116,2.4,4.4,4.4,2
Kevin Millwood,106,3.4,2.9,4.7,4.3
Bartolo Colon,375,4.1,1.4,4.7,0.3
LaTroy Hawkins,729,0.2,1.4,2.6,0.7
Brett Tomko,1056,2.3,2.7,1,1
Steve Kline,1164,-0.7,0.6,-0.1,0.2
Paul Byrd,594,3.3,1.7,3.1,1.7
Keith Foulke,231,-0.4,1.6,1.8,0.1
Jamey Wright,715,0.6,0.6,-0.2,0.8
Kelvim Escobar,1298,1.5,4.2,3.4,4
Jason Schmidt,1131,3,6.4,6.6,3.8
Ron Villone,1010,0.7,0.3,1.2,-0.1
Mike Myers,68,0.1,-0.1,-0.3,0.2
Armando Benitez,865,-0.2,1.6,0.9,-0.3
Alan Embree,1030,-0.3,0.4,0.8,1.1
Shawn Estes,873,0.8,0.7,0.6,-0.1
Rick White,456,0.5,-0.9,-0.2,0.1
Rick Helling,58,1.4,0.4,1.5,0
Jon Lieber,287,3.1,3.5,3.1,2.4
Andy Pettitte,840,5.8,1.9,5.1,3.4
Mariano Rivera,844,2.9,2.5,2.5,2.2
Brad Radke,748,2.2,5,2.8,1.6
Esteban Loaiza,1310,4.7,1.2,6.9,2.4
Julian Tavarez,541,0.3,1.3,1.1,0
Eddie Guardado,727,0.8,0.2,1.4,-0.3
Mike Hampton,430,1,1.9,2.6,0.4
Steve Trachsel,898,0.1,1.5,1.8,0.5
Trevor Hoffman,1035,1.7,1.8,2,1.3
David Weathers,902,0.7,-0.3,0.7,-0.4
Todd Jones,436,2.4,0.9,0,1
Pedro Astacio,862,1.3,-0.4,1,0.3
Tim Wakefield,219,1.8,1.4,3.6,1.2
Woody Williams,1190,1.1,2.9,4.5,1.2
Pedro Martinez,200,6.1,4.9,7.4,2.3
Rheal Cormier,952,-0.4,0.4,1.5,0
Aaron Sele,34,0.1,0.6,-0.1,1.2
Roberto Hernandez,605,1,-0.2,-1.1,0.3
Mike Stanton,849,0.3,0.6,0,1.2
Mike Timlin,1187,1.8,0.7,1,0.2
Arthur Rhodes,1097,1.2,-0.6,0.9,0.7
Mike Mussina,837,2.6,3,6.1,5.2
Tom Gordon,282,0.9,2.8,2.1,0.7
Curt Schilling,73,1.7,6.5,5.6,4.6
John Smoltz,115,5.2,2.1,2.9,5.5
Kenny Rogers,1277,3.1,3.2,2.5,2.1
Jose Mesa,961,-0.3,0.6,-0.1,-0.3
Randy Johnson,60,4.1,9.6,2.4,3.2
David Wells,855,3,3.1,3.8,0.9
Jamie Moyer,1091,2.5,-0.2,3.8,1.9
Tom Glavine,90,3.7,2.6,1.3,2.9
Chris Capuano,1701,2.2,0.4,0.4,4
Brandon Backe,1529,1.1,0.5,-0.1,0.4
Jae Seo,895,1.9,0.3,3.2,0
D.J. Carrasco,1666,0.5,-0.1,0.1,0.5
Joe Borowski,267,0,1.8,1.4,0.7
Jason Davis,1598,0.2,0.8,1,1.1
Wil Ledezma,1669,-0.2,1,0.1,1
Wes Obermueller,1637,-0.1,0.7,0.1,0
Scott Linebrink,564,1.8,1.4,0.7,1
Dontrelle Willis,1703,6.5,3.1,3.4,3
Brad Lidge,563,2.5,3.7,1.5,1.1
Doug Waechter,1814,0.6,-0.9,0.6,0.4
Rich Harden,1772,3.6,4.1,1.4,0.7
Kiko Calero,1676,0.7,0.7,0.5,1.5
Francisco Rodriguez,1642,1.5,3.7,0.6,2.4
Brandon Webb,1692,4.8,2.6,4.3,6.5
Brian Shouse,630,0,0.6,1.2,-0.2
Jeremy Bonderman,1667,3.2,2.4,1.3,5.6
Juan Rincon,752,2.2,2.4,0.7,1.4
Dan Haren,1757,3.7,0.5,0.7,3.8
Luis Ayala,1650,0.3,1.8,0.6,0.2
Pete Walker,1325,0.1,-0.3,1.1,0
Jerome Williams,1137,0.8,1,2,-0.3
Brian Fuentes,429,1.5,0.6,1.1,0.9
Cliff Lee,1636,3.8,1.1,0.7,2.3
Jimmy Gobble,1791,-0.3,0.8,0.6,0.8
Rafael Betancourt,177,1.5,1.8,0.4,0.8
Jose Contreras,1660,3.3,1.1,1.7,4
Horacio Ramirez,110,0.4,0.3,1.4,0.9
Julio Mateo,1087,0.3,-0.4,0.5,0.1
Kirk Saarloos,1516,1.5,0.6,0.5,-0.4
Claudio Vargas,1695,0.6,-1.1,0.8,1.9
Nate Robertson,1620,1.4,2,0.3,2.2
Runelvys Hernandez,1528,1.1,1,1.2,-0.6
Josh Towers,1489,3.6,1.1,0.2,-0.5
Gary Glover,234,0.8,0.3,0.8,-0.2
Jeremy Affeldt,583,0.3,1,2.5,-0.5
Dave Williams,1013,0.4,0.6,-0.3,0.1
Josh Fogg,989,0.5,1.7,0.6,1.7
Scot Shields,35,2.2,2.1,2.4,1.6
David Riske,402,-0.1,0.1,1.5,0
Carlos Silva,973,2.1,2.6,0.1,-0.5
Jorge Sosa,1228,1.1,0.2,0.8,-0.9
Oliver Perez,1514,-0.8,4.5,0.4,0.1
John Lackey,1507,5.3,3.1,1.8,5.3
Rodrigo Lopez,150,2,2.7,1.3,1.7
Joaquin Benoit,1437,1.5,1,-0.1,1.2
Josh Beckett,510,4.2,3.3,4,1
Mark Hendrickson,1574,1.6,2.2,1.7,2.1
Zach Day,1496,-0.2,1.2,1.4,0
Brendan Donnelly,1441,0.4,0.7,2.6,0.2
Jorge Julio,148,-0.3,0,-0.4,0.4
Mark Prior,301,2.9,2.9,7.8,-0.2
Dan Wheeler,120,1.1,0.3,0.2,1.7
Mike Maroth,1508,2,2.6,0.4,-0.1
Carlos Zambrano,305,4.2,4.7,4.7,3.9
Aaron Harang,1451,4.6,1.8,1,5.7
Brett Myers,962,3.4,1.1,2.3,3.5
John Patterson,71,4.3,0.8,0.3,1
Aaron Cook,1571,1,1.2,1,3.6
Jake Peavy,1051,5.4,4.1,0.8,4.4
Ron Mahay,290,-0.3,0.9,0.9,0.3
Francisco Cordero,1243,1.4,2.7,2.1,1.3
Juan Cruz,273,-0.2,0.5,0.7,1.6
Ben Sheets,710,3.7,8,3.8,4
Jamie Walker,502,0.3,1,0.3,0.5
Luis Vizcaino,714,0.3,0.4,-0.5,0.6
Travis Harper,1211,-0.9,0.7,0.7,0
Damaso Marte,247,0.2,0.5,2.5,0.6
Jake Westbrook,412,2.9,3,1,3.6
Joel Pineiro,1094,1.8,1.8,3.5,0.4
Ray King,693,-0.1,0.8,0.6,-0.2
Jason Jennings,434,1.4,1.5,2.2,4.2
Joe Nathan,1122,2.6,3,1.2,3.1
Gil Meche,1089,0.5,1.1,1.5,1.9
Ted Lilly,833,0.5,3,3.1,2.1
Kyle Lohse,739,1.6,1,2.8,1.5
Jason Marquis,105,0.7,1.8,0,-0.5
Tim Redding,573,-0.5,0.2,2.7,0.2
Shawn Chacon,424,1.5,-1.1,2.2,-1.1
Geremi Gonzalez,1711,0.2,0,1.7,0
Danys Baez,367,0.4,0.5,0.8,0.9
Trever Miller,1672,-0.3,0.9,0,0.6
CC Sabathia,404,3.6,2.8,3.5,5
Casey Fossum,188,1.5,0.1,1.2,0.4
Jesus Colome,1198,-0.3,0.6,0,0.3
Byung-Hyun Kim,61,1.3,2.3,2.5,2.4
Joe Kennedy,1217,1,2.8,0.6,0.8
Ryan Franklin,1076,0.9,1.3,1,-0.6
Roy Oswalt,571,6.1,6.5,2.6,6.1
Dan Kolb,1257,0,0.6,0.9,0.1
Joe Mays,740,0.4,-0.1,0.5,-0.5
Kris Benson,982,1.3,4,1.2,0.6
A.J. Burnett,512,5,2.9,4.8,2.9
Doug Davis,1244,3.7,4.4,0.7,2.8
Mark Mulder,932,1.9,2.4,4.5,-0.5
Bruce Chen,769,1.6,0.6,-0.2,-0.7
J.C. Romero,754,-0.5,1,-0.5,0
Mark Redman,491,2.1,1.4,4.2,1.2
Barry Zito,944,3,3.1,4.4,2.2
Odalis Perez,668,1.6,2.9,2.2,1.3
Brad Penny,535,3.5,3,3.1,3.6
Mark Buehrle,225,5.9,4.5,4.3,1.7
Johan Santana,755,7.1,6.8,3.7,6.7
Adam Eaton,1029,1.7,2.4,2.5,0.4
Cliff Politte,967,1.1,0.4,-0.3,-0.7
Aaron Fultz,1113,0.6,0.1,0.2,0.8
Tony Armas Jr.,761,-0.4,-0.1,0.5,0.9
Vicente Padilla,964,0.6,1.3,2.7,3.2
Jon Garland,232,3.5,1.9,1.7,3.6
Tomo Ohka,788,1.6,1.1,3,0.9
Scott Eyre,1300,1.5,-0.2,0.2,0.2
B.J. Ryan,168,2.6,3.3,1.6,2.7
Justin Speier,451,0.4,0.4,0.5,1
Freddy Garcia,1077,4,4.8,1.6,3.1
Ryan Dempster,517,1.8,0.7,1.4,0.9
Orlando Hernandez,823,1.3,1.7,3.1,2.7
Ramon Ortiz,27,0.3,0.8,0.8,0.2
Guillermo Mota,1467,0.6,1.3,2.1,-0.3
Scott Schoeneweis,33,0.9,0.9,1,0.2
Scott Elarton,426,0.8,0.2,-0.4,-1.1
Elmer Dessens,317,0.5,0.8,2.2,0.6
Braden Looper,526,-0.6,1.7,1.2,1.1
Matt Clement,271,2.6,3,2.9,0.2
Kyle Farnsworth,278,1.5,0.3,1.2,1.1
Randy Wolf,976,0.7,1.7,2.5,-0.1
Rudy Seanez,1279,1.5,0.9,0,-0.2
Cory Lidle,926,3.6,2.7,2.3,1.2
Jeff Weaver,503,2.4,4.3,2.2,0.3
Eric Milton,743,0.5,1.4,3.2,1
Roy Halladay,1303,3.8,2.8,7,5.1
Tim Hudson,921,1.8,4.6,5.8,2.5
Kerry Wood,304,0.5,2.9,4.2,2.1
Bob Howry,237,1.4,0.4,0.4,1.5
Jaret Wright,415,0.1,4.5,-0.4,2.4
Jay Witasick,1138,1,0.1,-0.2,-0.3
Kip Wells,1012,0.4,1.9,2.1,0.4
Sidney Ponson,161,1,3,4.4,0.5
Dennys Reyes,444,-0.2,1.1,0.2,0.9
Glendon Rusch,707,2.3,2.8,2.1,-0.9
Javier Vazquez,801,3.5,2,6,4.7
Jarrod Washburn,40,2,1.7,1.6,1.9
Brian Meadows,998,0.3,0.8,0.8,-0.5
John Thomson,453,2,3.2,3.9,0.4
Russ Ortiz,1124,-0.3,1.6,3,-1
Carl Pavano,790,0.6,4.5,3.3,0
Salomon Torres,1628,0.3,1.3,0.3,1.1
Matt Morris,1172,2.7,1.1,2.8,2.3
Jason Johnson,147,2.6,2.7,2.1,0.8
Esteban Yan,1236,-0.2,0.8,-0.5,-0.5
Chris Carpenter,1292,6.3,3.1,0.5,5
Jason Schmidt,1131,6.4,6.6,4.5,3
Ron Villone,1010,0.3,1.2,0.4,0.7
Mike Myers,68,-0.1,-0.3,0.3,0.1
Armando Benitez,865,1.6,0.9,1,-0.2
Alan Embree,1030,0.4,0.8,1.6,-0.3
Shawn Estes,873,0.7,0.6,1.5,0.8
Rick White,456,-0.9,-0.2,0.9,0.5
Troy Percival,29,0.1,0.2,1.6,0.7
Hideo Nomo,666,-0.4,3.3,2.9,0.1
Jose Lima,475,0.8,1,0,-0.3
Andy Pettitte,840,1.9,5.1,3.9,5.8
Tim Worrell,1139,1.1,1.4,1,0.2
Ismael Valdez,1283,-0.5,0.2,2.4,0
Mike Remlinger,111,0.6,0.1,1.5,-0.1
Mariano Rivera,844,2.5,2.5,1.4,2.9
Brad Radke,748,5,2.8,2.1,2.2
Esteban Loaiza,1310,1.2,6.9,2.3,4.7
Chris Hammond,92,0.6,1.3,1.8,-0.2
Brian Anderson,44,0.2,1.9,1.6,0.1
Julian Tavarez,541,1.3,1.1,1,0.3
Eddie Guardado,727,0.2,1.4,1.2,0.8
Mike Hampton,430,1.9,2.6,0.3,1
Steve Trachsel,898,1.5,1.8,2.1,0.1
David Weathers,902,-0.3,0.7,0.5,0.7
Darren Oliver,206,0,2.2,0.1,0
Kirk Rueter,1128,0.7,0.7,1.3,0
Todd Jones,436,0.9,0,0.9,2.4
Tim Wakefield,219,1.4,3.6,2.7,1.8
Steve Reed,1053,0.6,-0.2,1.1,-0.2
Woody Williams,1190,2.9,4.5,1.9,1.1
Pedro Martinez,200,4.9,7.4,7.4,6.1
Rheal Cormier,952,0.4,1.5,-0.2,-0.4
Aaron Sele,34,0.6,-0.1,1.3,0.1
Paul Quantrill,669,1,1.5,1.4,0.1
Buddy Groom,143,0.4,0,1.4,-0.1
Roberto Hernandez,605,-0.2,-1.1,0.6,1
Kent Mercker,439,0.6,0.1,-0.7,0.3
Mike Stanton,849,0.6,0,1.2,0.3
Al Leiter,883,1.5,2.4,3.2,0.5
Mike Timlin,1187,0.7,1,-0.3,1.8
Arthur Rhodes,1097,-0.6,0.9,2.9,1.2
Mike Mussina,837,3,6.1,4.5,2.6
Tom Gordon,282,2.8,2.1,0.7,0.9
Jeff Fassero,279,1.3,-0.8,-0.1,0.9
Curt Schilling,73,6.5,5.6,9.3,1.7
John Smoltz,115,2.1,2.9,2.5,5.2
Kenny Rogers,1277,3.2,2.5,2.7,3.1
Jose Mesa,961,0.6,-0.1,0.6,-0.3
Kevin Brown,642,2.3,6.1,0.5,1.4
Randy Johnson,60,9.6,2.4,8.1,4.1
David Wells,855,3.1,3.8,4.5,3
Jamie Moyer,1091,-0.2,3.8,3.8,2.5
Tom Glavine,90,2.6,1.3,2.9,3.7
Terry Mulholland,665,0.5,-0.9,-0.4,-0.2
Greg Maddux,104,2.6,3.6,3.9,3.3
Jeremy Affeldt,583,1,2.5,0.9,0.3
Josh Fogg,989,1.7,0.6,0.8,0.5
Scot Shields,35,2.1,2.4,0.2,2.2
David Riske,402,0.1,1.5,0,-0.1
Kevin Gryboski,91,0.3,0.1,-0.8,-0.2
Carlos Silva,973,2.6,0.1,0.7,2.1
Jorge Sosa,1228,0.2,0.8,-0.4,1.1
Oliver Perez,1514,4.5,0.4,0.6,-0.8
Mike Koplove,63,0.5,0.4,1,-0.2
John Lackey,1507,3.1,1.8,1.9,5.3
Rodrigo Lopez,150,2.7,1.3,2.9,2
Joaquin Benoit,1437,1,-0.1,0.7,1.5
Josh Beckett,510,3.3,4,1.9,4.2
Mark Hendrickson,1574,2.2,1.7,0.8,1.6
Zach Day,1496,1.2,1.4,0.2,-0.2
Brendan Donnelly,1441,0.7,2.6,1.4,0.4
Jorge Julio,148,0,-0.4,1,-0.3
Mark Prior,301,2.9,7.8,2.8,2.9
Ricky Stone,576,-0.5,-0.4,0.2,-0.4
Mike Maroth,1508,2.6,0.4,2.4,2
Kazuhisa Ishii,655,0.8,1.3,0.6,-0.1
Carlos Zambrano,305,4.7,4.7,1.1,4.2
Aaron Harang,1451,1.8,1,1.2,4.6
Brett Myers,962,1.1,2.3,-0.1,3.4
John Patterson,71,0.8,0.3,0.2,4.3
Aaron Cook,1571,1.2,1,0.3,1
Jake Peavy,1051,4.1,0.8,1.7,5.4
Francisco Cordero,1243,2.7,2.1,1.2,1.4
Juan Cruz,273,0.5,0.7,0.1,-0.2
Ben Sheets,710,8,3.8,3.8,3.7
Jamie Walker,502,1,0.3,-0.2,0.3
Luis Vizcaino,714,0.4,-0.5,1.5,0.3
Travis Harper,1211,0.7,0.7,0.2,-0.9
Adam Bernero,460,-0.2,0.6,0.1,0.2
Damaso Marte,247,0.5,2.5,1.6,0.2
Jake Westbrook,412,3,1,0.1,2.9
Joel Pineiro,1094,1.8,3.5,2.5,1.8
Chris Reitsma,348,0.5,0.3,1.2,1.5
Ray King,693,0.8,0.6,0.5,-0.1
Jason Jennings,434,1.5,2.2,2.1,1.4
Ted Lilly,833,3,3.1,1.3,0.5
Kyle Lohse,739,1,2.8,1.2,1.6
Jason Marquis,105,1.8,0,0.3,0.7
Tim Redding,573,0.2,2.7,0.7,-0.5
Ryan Drese,379,3.4,-0.1,1.4,1.3
Shawn Chacon,424,-1.1,2.2,-0.4,1.5
Danys Baez,367,0.5,0.8,2.2,0.4
CC Sabathia,404,2.8,3.5,3.6,3.6
Brian Lawrence,1045,1.8,1.8,3.9,2
Casey Fossum,188,0.1,1.2,1.8,1.5
Jesus Colome,1198,0.6,0,-0.6,-0.3
Rick Bauer,125,0.6,0.5,-0.6,0.7
Brandon Duckworth,954,-0.5,0.5,1.7,0.5
Joe Kennedy,1217,2.8,0.6,2.5,1
Ryan Franklin,1076,1.3,1,1.4,0.9
Roy Oswalt,571,6.5,2.6,6.2,6.1
Darrell May,613,1.1,2.8,0.4,-0.5
Dan Kolb,1257,0.6,0.9,0.1,0
Victor Zambrano,1237,0.9,0.9,-0.4,1.6
Jim Brower,313,0.7,0.6,0.3,-0.8
Kris Benson,982,4,1.2,0.8,1.3
Matt Herges,780,0,1.6,-0.2,0.3
Chad Bradford,904,0.1,0.6,2,1.5
Doug Davis,1244,4.4,0.7,0.6,3.7
Mark Mulder,932,2.4,4.5,3.9,1.9
Wade Miller,568,1.2,3.3,3.4,1
J.C. Romero,754,1,-0.5,1.6,-0.5
Mark Redman,491,1.4,4.2,4,2.1
Barry Zito,944,3.1,4.4,4.5,3
Odalis Perez,668,2.9,2.2,4.9,1.6
Brad Penny,535,3,3.1,1,3.5
Mark Buehrle,225,4.5,4.3,4.3,5.9
Johan Santana,755,6.8,3.7,3.4,7.1
Adam Eaton,1029,2.4,2.5,0.1,1.7
Rob Bell,1492,1,0.1,0.8,-0.2
Cliff Politte,967,0.4,-0.3,1.3,1.1
Aaron Fultz,1113,0.1,0.2,-0.1,0.6
Tony Armas Jr.,761,-0.1,0.5,1.2,-0.4
Vicente Padilla,964,1.3,2.7,3.6,0.6
Jon Garland,232,1.9,1.7,2.2,3.5
Tomo Ohka,788,1.1,3,3.2,1.6
Scott Eyre,1300,-0.2,0.2,1.1,1.5
B.J. Ryan,168,3.3,1.6,0.1,2.6
Justin Speier,451,0.4,0.5,0.4,0.4
Freddy Garcia,1077,4.8,1.6,3.4,4
Octavio Dotel,555,1.6,1.7,2.8,0.3
Ramon Ortiz,27,0.8,0.8,1.6,0.3
Guillermo Mota,1467,1.3,2.1,0.4,0.6
Tanyon Sturtze,1230,0.3,-0.3,1.4,-0.2
Paul Wilson,1234,2,1.5,1.2,-0.1
Eric Gagne,650,3.4,4.7,3.6,0.9
Scott Schoeneweis,33,0.9,1,0.1,0.9
Elmer Dessens,317,0.8,2.2,1.6,0.5
Braden Looper,526,1.7,1.2,0.5,-0.6
Matt Clement,271,3,2.9,4.7,2.6
Kyle Farnsworth,278,0.3,1.2,-0.4,1.5
Randy Wolf,976,1.7,2.5,3.9,0.7
Cory Lidle,926,2.7,2.3,3.7,3.6
Jeff Weaver,503,4.3,2.2,4.1,2.4
Roy Halladay,1303,2.8,7,6.8,3.8
Tim Hudson,921,4.6,5.8,4.7,1.8
Kerry Wood,304,2.9,4.2,3.6,0.5
Jay Witasick,1138,0.1,-0.2,0.7,1
Kip Wells,1012,1.9,2.1,2.3,0.4
Sidney Ponson,161,3,4.4,1.7,1
Danny Graves,326,-0.1,0.3,1.3,-0.9
Glendon Rusch,707,2.8,2.1,1.6,2.3
Javier Vazquez,801,2,6,4.6,3.5
Antonio Alfonseca,260,0.4,0.3,0.6,0
Jarrod Washburn,40,1.7,1.6,4.2,2
Brian Meadows,998,0.8,0.8,0.7,0.3
John Thomson,453,3.2,3.9,2.3,2
Ricardo Rincon,401,0.9,0.3,1.4,-0.5
Russ Ortiz,1124,1.6,3,2.9,-0.3
Carl Pavano,790,4.5,3.3,0.8,0.6
Salomon Torres,1628,1.3,0.3,0.2,0.3
Matt Morris,1172,1.1,2.8,4.2,2.7
Jason Johnson,147,2.7,2.1,1.7,2.6
Esteban Yan,1236,0.8,-0.5,0,-0.2
John Halama,1080,0.5,0.1,1.1,0.2
Billy Wagner,578,1.5,2.3,1.7,2.1
Ugueth Urbina,216,0.1,1.3,1.3,0.7
Miguel Batista,46,1.6,4.3,3.1,0.5
Jason Isringhausen,1158,1.7,0.9,2.5,0.7
Jeff Suppan,633,1.4,2.7,1.3,1.8
Derek Lowe,199,2.2,2.4,4.6,2.8
Livan Hernandez,1116,4.4,4.4,2.7,2.4
Kevin Millwood,106,2.9,4.7,4.6,3.4
Bartolo Colon,375,1.4,4.7,4.4,4.1
Jim Mecir,930,0.6,0.1,0.7,0.4
LaTroy Hawkins,729,1.4,2.6,1.6,0.2
Brett Tomko,1056,2.7,1,1.3,2.3
Steve Kline,1164,0.6,-0.1,0.7,-0.7
Mike DeJean,682,0.7,-0.4,0.4,0.9
Keith Foulke,231,1.6,1.8,1.3,-0.4
Shigetoshi Hasegawa,1082,0.5,0.7,0.6,0.4
Kelvim Escobar,1298,4.2,3.4,0.5,1.5
Felix Rodriguez,1127,0.2,0.2,0.5,0
